{
    "cross_over_prob": 0.9,
    "mutation_prob": 0.05,
    "population_size": 80,
    "time_step": 30,
    "run_time": 10,
    "weights": "[[[0.14345517602023783, 0.1581664196308341, 0.7345908988001386, 0.7513085619360249, 0.4492761602879064, 0.7604612343769807, 0.5230088022606404, 0.634309389760426, 0.3024403001528574, 0.23258927855594747, 0.37690138437783904, 0.7607956844968502, 0.7515551009153201, 0.355478897452036, 0.32936776598005846, 0.9844631108142724], [0.2512640736465357, 0.3491702375442006, 0.71307422513295, 0.24578060919745048, 0.87067345610248, 0.21552362070650843, 0.06629085577916172, 0.4648582968491938, 0.7877103922807432, 0.2722885660328027, 0.38074638503974867, 0.9393520391551523, 0.7169713269312967, 0.6738406010975374, 0.9187285284045875, 0.5261147312160148], [0.4457876824617679, 0.8058756074530335, 0.9737891581589568, 0.2956136523192341, 0.17492609107457602, 0.5079935955220749, 0.03886725774482436, 0.46282519879944584, 0.5782448604861102, 0.069382220052288, 0.768082952108261, 0.3173340171799166, 0.4386483952754002, 0.5195764894630023, 0.40415631510039063, 0.3592074940135853], [0.10902031167573933, 0.7286359729037616, 0.012058014994753452, 0.008527500515806086, 0.5852211290007975, 0.12413804371925374, 0.8231547116688589, 0.5191320882826745, 0.844263584617778, 0.5322745733436673, 0.6235215393093397, 0.7438475759489129, 0.4243848029392968, 0.25154929986230146, 0.2942775545133576, 0.19669341697273313]], [[0.48173198324144817, 0.09988036107149023, 0.28865714373328133, 0.18345121709608203], [0.6602158535188986, 0.8040050486899984, 0.5819410846803881, 0.7434728224396022]]]",
    "nn_structure": [
        [
            4,
            16
        ],
        [
            2,
            4
        ]
    ]
}