{
    "cross_over_prob": 0.9,
    "mutation_prob": 0.05,
    "population_size": 80,
    "time_step": 30,
    "run_time": 10,
    "weights": "[[[0.14345517602023783, 0.1581664196308341, 0.7345908988001386, 0.7513085619360249, 0.4492761602879064, 0.7604612343769807, 0.5230088022606404, 0.634309389760426, 0.3024403001528574, 0.23258927855594747, 0.37690138437783904, 0.7607956844968502, 0.7515551009153201, 0.355478897452036, 0.32936776598005846, 0.9844631108142724], [0.029822860963542253, 0.039373718671233626, 0.04541914856019258, 0.12009129747272296, 0.33554935594052226, 0.8371773231433872, 0.6365280713095945, 0.5873887482456811, 0.365010365734054, 0.5756139963480125, 0.9588842576221787, 0.8959712428901171, 0.9282062925892874, 0.8676575079752599, 0.6992686472033213, 0.5327749415387417], [0.4457876824617679, 0.8058756074530335, 0.9737891581589568, 0.2956136523192341, 0.17492609107457602, 0.5079935955220749, 0.03886725774482436, 0.46282519879944584, 0.5782448604861102, 0.069382220052288, 0.768082952108261, 0.3173340171799166, 0.4386483952754002, 0.5195764894630023, 0.40415631510039063, 0.3592074940135853], [0.5176616490054468, 0.4505452795271414, 0.5236910623936927, 0.6914933405828052, 0.06677828421520704, 0.3177065244416034, 0.6502402257470291, 0.4228432898420301, 0.9293460533070957, 0.32831378956768, 0.962519081155898, 0.8206811761385097, 0.5110486391859079, 0.5201294450770951, 0.4415412217499439, 0.6035053133181681]], [[0.6925251625155093, 0.09988036107149023, 0.28865714373328133, 0.18345121709608203], [0.6602158535188986, 0.8040050486899984, 0.5819410846803881, 0.7434728224396022]]]",
    "nn_structure": [
        [
            4,
            16
        ],
        [
            2,
            4
        ]
    ]
}