{
    "cross_over_prob": 0.9,
    "mutation_prob": 0.05,
    "population_size": 8,
    "time_step": 100,
    "run_time": 2,
    "weights": "[[[0.7776923434544247, 0.7245094427261269, 0.21887773812227207, 0.24907767736356423, 0.3431353206437757, 0.5920033341718801, 0.6663498166295669, 0.8701200993488326, 0.5332918186469815, 0.40022249941922905, 0.9792892843749218, 0.5402554294322617, 0.8100212122707334, 0.5598457967497528, 0.5989198280764011, 0.06264566378874525], [0.17847258226439833, 0.5877969737066253, 0.5755140564291763, 0.6093411449626491, 0.5410242320723477, 0.04379829595811291, 0.8371143294484517, 0.10511569827423273, 0.20012211760215215, 0.8339637737904163, 0.5933917517586985, 0.2392340676080762, 0.38739059716228175, 0.34563751119139674, 0.24879751483686507, 0.6460500543332675], [0.9060880020291356, 0.6412144717337536, 0.037784257572658575, 0.6846304428767161, 0.17057750440964214, 0.28245815045272493, 0.0916263138160196, 0.7500611159042263, 0.37819379481010307, 0.7176356178700966, 0.45031440100967157, 0.5902860602326682, 0.37094071265073036, 0.3545685038740236, 0.533788193661767, 0.7888500360053436], [0.2597985622918988, 0.2811149136614024, 0.7128530853752187, 0.4935346110401829, 0.4912961415809275, 0.8725646835799314, 0.7741598168699693, 0.5794950019637167, 0.8316554846897071, 0.49122104347230033, 0.5255939179828786, 0.2004201731037314, 0.6076259808142274, 0.854870417957771, 0.5065426588895382, 0.46843051618077114]], [[0.18779898537037742, 0.8544597479786692, 0.5277917717037162, 0.4267049163940648], [0.5836281202974045, 0.6124836848326307, 0.8865319205076068, 0.159632411721623]]]",
    "nn_structure": [
        [
            4,
            16
        ],
        [
            2,
            4
        ]
    ]
}