{
    "cross_over_prob": 0.9,
    "mutation_prob": 0.05,
    "population_size": 80,
    "time_step": 30,
    "run_time": 15,
    "weights": "[[[0.7732907156938897, 0.16285968527296146, 0.7966048169330918, 0.6815170567663161, 0.09003623648489734, 0.6663386417984203, 0.4942518242834899, 0.5864675908874789, 0.5527931408804714, 0.946177032059749, 0.7026545181463003, 0.9742150939009547, 0.802987620019775, 0.8411936424319926, 0.27199982385769916, 0.9649963067921209], [0.9172370482939797, 0.8740086105505268, 0.841772302566478, 0.38559147418613116, 0.5275889119039507, 0.9453794508946172, 0.6740214141783619, 0.9507904704890143, 0.9289199799885259, 0.9358448477910741, 0.3878041646008398, 0.40665925988073526, 0.7351206820747472, 0.6470524238220033, 0.7867737399130268, 0.6998854618048037], [0.63624527640504, 0.6291510170488369, 0.2465562464491986, 0.4171211257589982, 0.1042396864796249, 0.2444549792571037, 0.3189496836903164, 0.5338196551952207, 0.962107125347022, 0.7554304621080166, 0.9713030329487439, 0.23644423324815678, 0.3790341868938816, 0.7993086451746106, 0.8065981946556016, 0.32366217255304874], [0.8133408356329422, 0.06837260681669921, 0.38457599115075125, 0.9759071961232095, 0.42624275536716305, 0.7018010570627135, 0.24689566539576102, 0.40609892499595435, 0.9809708805043813, 0.2789930188951122, 0.06630455482135922, 0.13317826017576928, 0.4162485959537495, 0.13946080484487788, 0.5576950098066229, 0.30770827704014236]], [[0.35259845534194834, 0.17722322821382275, 0.24035593066996352, 0.2724456121764248], [0.10960108199445318, 0.19201571530361627, 0.7277467897591307, 0.53342974301378]]]",
    "nn_structure": [
        [
            4,
            16
        ],
        [
            2,
            4
        ]
    ]
}