{
    "cross_over_prob": 0.9,
    "mutation_prob": 0.05,
    "population_size": 80,
    "time_step": 30,
    "run_time": 15,
    "weights": "[[[0.891763558369783, 0.614874257110947, 0.25905205596335246, 0.9346152166402356, 0.7652624941278486, 0.7306607458594989, 0.6390956704010025, 0.29357763416189187, 0.949293410952051, 0.19782882060610474, 0.47246695363606805, 0.23767061464585582, 0.7461793370327833, 0.6523497716855899, 0.8852246417920058, 0.8067884077084252], [0.5962751006758896, 0.22187681820118466, 0.37802593481504565, 0.7116182526928662, 0.7428495117065631, 0.9589924536096375, 0.9219544437593208, 0.8038066076437117, 0.5891761094543481, 0.3374975394718538, 0.6836865959124775, 0.6857110588830618, 0.9387369538246528, 0.8160249192230833, 0.9030731616735463, 0.356639786345316], [0.63624527640504, 0.6291510170488369, 0.2465562464491986, 0.4171211257589982, 0.1042396864796249, 0.2444549792571037, 0.3189496836903164, 0.5338196551952207, 0.962107125347022, 0.7554304621080166, 0.9713030329487439, 0.23644423324815678, 0.3790341868938816, 0.7993086451746106, 0.8065981946556016, 0.32366217255304874], [0.4552428319855658, 0.7186469203054723, 0.5364568569183419, 0.8881825345844089, 0.30574985798059917, 0.8297240075476088, 0.2794383631148174, 0.38665240622986274, 0.05187024152165698, 0.13219589300022128, 0.7036346267382554, 0.9791693135024638, 0.06503879049911632, 0.3525883690304584, 0.2673756555028234, 0.22469242332462647]], [[0.03876656983238691, 0.2864699073135075, 0.7688022853741397, 0.04650015102513405], [0.4719197616297065, 0.4207467476652371, 0.756363728607713, 0.022457391255956693]]]",
    "nn_structure": [
        [
            4,
            16
        ],
        [
            2,
            4
        ]
    ]
}