{
    "cross_over_prob": 0.9,
    "mutation_prob": 0.05,
    "population_size": 80,
    "time_step": 30,
    "run_time": 10,
    "weights": "[[[0.8631616915595085, 0.8480370944293079, 0.1750384987392647, 0.9324490322812614, 0.30173816072428383, 0.6022690465420341, 0.36740369852629673, 0.13615798266089763, 0.6952879982016785, 0.33181233377286545, 0.36269287646150905, 0.8880704128844766, 0.20604648219101496, 0.3333891436613037, 0.3976614438727142, 0.7546900052891705], [0.7068605810732519, 0.13592977984922594, 0.6445496605395855, 0.018358698469935764, 0.8994228664322861, 0.6434302725684917, 0.8214876960847756, 0.6310571822506922, 0.43895302486417664, 0.20998478079614336, 0.11907524764784583, 0.48985280428531763, 0.8540591129976214, 0.07604914355385595, 0.5160266027457218, 0.4527041290858145], [0.8900503367167274, 0.025886756153501778, 0.9754206366157644, 0.6417970817108215, 0.8012994264657272, 0.8589323009484512, 0.611601595508867, 0.1727479877982514, 0.415550735908657, 0.6457637466268097, 0.15951564006061925, 0.9182873647671972, 0.26777592410891127, 0.6756963683946037, 0.10391376513033646, 0.8763813769377617], [0.7916306274016688, 0.38203801445612084, 0.47390185169684007, 0.06439624434573243, 0.695781574949716, 0.7105545265433749, 0.20265131846705486, 0.4735608475076325, 0.5020936863429115, 0.2389997096762143, 0.6392491984289476, 0.7638357063213776, 0.5792239557544454, 0.15962170033516043, 0.598758146803402, 0.8478625727729674]], [[0.08011403969683939, 0.8994606101749574, 0.6147385612583488, 0.25438891736348634], [0.9439271947800227, 0.2053856992831231, 0.40661780942013626, 0.9779910523013009]]]",
    "nn_structure": [
        [
            4,
            16
        ],
        [
            2,
            4
        ]
    ]
}