{
    "cross_over_prob": 0.9,
    "mutation_prob": 0.05,
    "population_size": 80,
    "time_step": 30,
    "run_time": 15,
    "weights": "[[[0.8848172621325394, 0.05357166891573317, 0.6823090356464042, 0.2699251700979507, 0.36734769860244276, 0.48682093723842224, 0.9772860874468249, 0.6433876911463763, 0.8429311571447461, 0.35901484806547235, 0.4623154807676002, 0.9622620920229961, 0.10833119521034607, 0.559349414384781, 0.39626741536849974, 0.23733245839284567], [0.440401523654536, 0.33754010199321516, 0.5592536104516375, 0.3415814507735685, 0.6890514381661644, 0.03273571072458059, 0.2971161405200028, 0.968916588335428, 0.24504476583829493, 0.4973356359850929, 0.09982668634024783, 0.31777567924272765, 0.20117987363320078, 0.8837922383108108, 0.2716990107770455, 0.9515501389549381], [0.822658258460383, 0.9176678616572219, 0.7380954782411402, 0.0018671925180898663, 0.6994519787506839, 0.33277110529552, 0.9868289281750702, 0.1447472695624873, 0.46451633697274186, 0.5102976871843546, 0.270161509514657, 0.5693537023159104, 0.6362227125858683, 0.8482009941211791, 0.7385808145158301, 0.15340145196924293], [0.7317458587603889, 0.46568590678553967, 0.3564351920690867, 0.48409356610848564, 0.12064894950861338, 0.05996830358696059, 0.9532411588419611, 0.31470596872867407, 0.21664080759443038, 0.756725043790194, 0.03082753379630654, 0.2271882574116586, 0.08955163184728132, 0.5859358916411381, 0.6536496961453411, 0.5057434585096195]], [[0.11359029823714883, 0.16268104475286027, 0.8379803189988038, 0.8155668909311032], [0.2124207333826097, 0.10497730911559422, 0.27939481423343926, 0.12359992856663538]]]",
    "nn_structure": [
        [
            4,
            16
        ],
        [
            2,
            4
        ]
    ]
}