{
    "cross_over_prob": 0.9,
    "mutation_prob": 0.05,
    "population_size": 40,
    "time_step": 30,
    "run_time": 20,
    "weights": "[[[0.844808020900711, 0.692092315203548, 0.7846934636911433, 0.5248170771601222, 0.6623433462872172, 0.8153575860272956, 0.7056289847461447, 0.6932394629228954, 0.7289236260408579, 0.9533098479364883, 0.24080422265291446, 0.030982354040881455, 0.8175793858153805, 0.6119915840165393, 0.39768935434336083, 0.32028150220809626], [0.40396886935368004, 0.09191717069942806, 0.6164423687433057, 0.25469498017986336, 0.27079929254746715, 0.9417509315954159, 0.15730746001955465, 0.37549931236280665, 0.7639405087014951, 0.8947958243405177, 0.33590461228087576, 0.5869783741349015, 0.6649603222525419, 0.040440997437279025, 0.30098917094135136, 0.8097470582683812], [0.6259093406207437, 0.14257599977672264, 0.11248643347783083, 0.43381554872274564, 0.013750689643938996, 0.8581330182869579, 0.18383804415293614, 0.9150525390833024, 0.005187395492326052, 0.7985753281813283, 0.9231364048019974, 0.4499844701168023, 0.12277849901351512, 0.4456501113102753, 0.9651079796766948, 0.860036212965445], [0.6710656186867292, 0.9592479573437154, 0.00908218947951156, 0.6992695119814066, 0.08646422786523633, 0.573797232224038, 0.27580848241926303, 0.21253761462362986, 0.18807891508296104, 0.8914249492811492, 0.3293277428425203, 0.755704484230346, 0.7038128491913669, 0.22125399807489043, 0.6821923075345931, 0.19742809658123572]], [[0.13280665762783217, 0.02344174296999124, 0.7479885038660915, 0.1558272873414286], [0.8776114490094767, 0.5017008450519641, 0.4837646934195653, 0.7790356034342583]]]",
    "nn_structure": [
        [
            4,
            16
        ],
        [
            2,
            4
        ]
    ]
}