{
    "cross_over_prob": 0.9,
    "mutation_prob": 0.05,
    "population_size": 80,
    "time_step": 30,
    "run_time": 15,
    "weights": "[[[0.9679070714107613, 0.6170168382723433, 0.774211930439394, 0.6817353463115161, 0.8632479475902929, 0.43603482248245806, 0.25864187256712046, 0.7409598780938832, 0.9629626627028341, 0.5920298372971271, 0.9941936401122059, 0.4549842299915816, 0.5229464387584667, 0.9171081583288188, 0.9511166997957008, 0.9881787518882864], [0.019730991275083376, 0.7915521526619254, 0.0010333472655703613, 0.48738697411371046, 0.9159205586333449, 0.09105431793096463, 0.4222619237871905, 0.6552881433551097, 0.5285383150014963, 0.1939209875864838, 0.025151094686383213, 0.10385750354248857, 0.055365520955227066, 0.8833344425762792, 0.32166681541375874, 0.8302493033391111], [0.7435410891521885, 0.5388812297431169, 0.2669525365598928, 0.35726861203229343, 0.8576260724032732, 0.18779000313613092, 0.6292887230063677, 0.37697488775691024, 0.6416606609091637, 0.016985788882320163, 0.7968225189013547, 0.9788953785637747, 0.017309663442905854, 0.33716803741526546, 0.30109998324061027, 0.1140164411457869], [0.4560213930239696, 0.06863911177533721, 0.5637159249158488, 0.9400805337523075, 0.9830628599605773, 0.8711307407251371, 0.04417723514574068, 0.9578832410792422, 0.009674186999623635, 0.7893359028175087, 0.7969718077056559, 0.5926245721186353, 0.04455694800318466, 0.8604000330352665, 0.6576605217934949, 0.7375680442779255]], [[0.8786860932185803, 0.6416026824351299, 0.22354660650793245, 0.3510881644121242], [0.4719197616297065, 0.4207467476652371, 0.756363728607713, 0.022457391255956693]]]",
    "nn_structure": [
        [
            4,
            16
        ],
        [
            2,
            4
        ]
    ]
}