{
    "cross_over_prob": 0.9,
    "mutation_prob": 0.05,
    "population_size": 80,
    "time_step": 30,
    "run_time": 15,
    "weights": "[[[0.11631891197068178, 0.05327743097127435, 0.6021771045309956, 0.15745172694037024, 0.9143528757601895, 0.38498274287175294, 0.1241526735345777, 0.021002099345773018, 0.8578440025390375, 0.3806963461189765, 0.004564579643496769, 0.590625795392123, 0.42668356207383273, 0.05083144580509236, 0.5125797787435052, 0.6707785049852588], [0.7543930586583097, 0.21981363645508611, 0.760698766589171, 0.5989448257033466, 0.041866396094439984, 0.6070569797040726, 0.548023604061255, 0.27693673961204246, 0.33734371851070344, 0.2690067364864879, 0.7686412264923922, 0.5423759692213448, 0.5877178819573275, 0.00975585345218899, 0.0563021978133994, 0.2775130694142479], [0.5686771155497782, 0.22099519196835804, 0.824424427478109, 0.36431191898167725, 0.44608907495578587, 0.5104011651692605, 0.2736143119822957, 0.4279280915329514, 0.37631986170467735, 0.014649835242336429, 0.29956975247558126, 0.4215884098393845, 0.0035933626444069056, 0.8633205544023567, 0.3525140803215584, 0.9977363902307191], [0.7056770339907406, 0.15476548350612196, 0.36440931509705254, 0.23004443962370202, 0.9679691928024146, 0.4351676409403623, 0.5266910489584427, 0.7347696397653668, 0.11167216127507429, 0.4702906443940722, 0.8688119042706991, 0.6267848927100554, 0.6957218080879917, 0.7105080135972052, 0.3940196647362434, 0.9057394203236261]], [[0.4850934914812616, 0.21042673289311853, 0.07235092331057158, 0.5690922166993706], [0.5315418252239339, 0.616162992928169, 0.059246885098151125, 0.501344912460466]]]",
    "nn_structure": [
        [
            4,
            16
        ],
        [
            2,
            4
        ]
    ]
}