{
    "cross_over_prob": 0.9,
    "mutation_prob": 0.05,
    "population_size": 80,
    "time_step": 30,
    "run_time": 15,
    "weights": "[[[0.5418113730558229, 0.9984404427071644, 0.023214727013968206, 0.8518509670257342, 0.6086708778008219, 0.7178910285448468, 0.8613747112802435, 0.6177862479145476, 0.1781791908420488, 0.01417665995037598, 0.5258909969449425, 0.6450439436948909, 0.10387372208872203, 0.1121725714477958, 0.09929123755287783, 0.02705486159640913], [0.4016467170293979, 0.29230990459751616, 0.5953588539148572, 0.46528900568832343, 0.2657535348395794, 0.7187186805312709, 0.5529931573784711, 0.07935398606180277, 0.7007490517630343, 0.633435045950029, 0.8417194373365375, 0.4109438948271916, 0.19542758837594243, 0.3865596208075196, 0.6741865573400565, 0.6168280494902397], [0.63624527640504, 0.6291510170488369, 0.2465562464491986, 0.4171211257589982, 0.1042396864796249, 0.2444549792571037, 0.3189496836903164, 0.5338196551952207, 0.962107125347022, 0.7554304621080166, 0.9713030329487439, 0.23644423324815678, 0.3790341868938816, 0.7993086451746106, 0.8065981946556016, 0.32366217255304874], [0.8133408356329422, 0.06837260681669921, 0.38457599115075125, 0.9759071961232095, 0.42624275536716305, 0.7018010570627135, 0.24689566539576102, 0.40609892499595435, 0.9809708805043813, 0.2789930188951122, 0.06630455482135922, 0.13317826017576928, 0.4162485959537495, 0.13946080484487788, 0.5576950098066229, 0.30770827704014236]], [[0.8029982500021056, 0.39516468507893066, 0.204584753078906, 0.8986076894905439], [0.10960108199445318, 0.19201571530361627, 0.7277467897591307, 0.53342974301378]]]",
    "nn_structure": [
        [
            4,
            16
        ],
        [
            2,
            4
        ]
    ]
}