{
    "cross_over_prob": 0.9,
    "mutation_prob": 0.05,
    "population_size": 80,
    "time_step": 30,
    "run_time": 10,
    "weights": "[[[0.7383159654804226, 0.6556421002738642, 0.7503786590765228, 0.4149213638703483, 0.9336168697818127, 0.6969222435286396, 0.5219690272982143, 0.3995448076025705, 0.9375870083531943, 0.7569799298870096, 0.7304757538118036, 0.3262025677639575, 0.5988039296209984, 0.8065095477673412, 0.7737480326185854, 0.7889400993280479], [0.7068605810732519, 0.13592977984922594, 0.6445496605395855, 0.018358698469935764, 0.8994228664322861, 0.6434302725684917, 0.8214876960847756, 0.6310571822506922, 0.43895302486417664, 0.20998478079614336, 0.11907524764784583, 0.48985280428531763, 0.8540591129976214, 0.07604914355385595, 0.5160266027457218, 0.4527041290858145], [0.6746986756610261, 0.29846584299699985, 0.3487793441042024, 0.38972916447886463, 0.13677425431374557, 0.9916711215371158, 0.9879279242650355, 0.04017387905273451, 0.17217833194081789, 0.699789195080739, 0.5305360053200474, 0.1295814392990352, 0.49795014208466837, 0.8093280901892692, 0.9384124793667806, 0.9584732405591049], [0.7090338879864284, 0.9611419411588458, 0.7891527753817354, 0.7671771272800678, 0.9976955427538499, 0.6121241118134662, 0.7116293847877397, 0.8966378364630945, 0.254877184197997, 0.7768603372112618, 0.9530511622685545, 0.5875257749655531, 0.6177492048475429, 0.7388453074656645, 0.6569696252772689, 0.21150815239880827]], [[0.07719121195401013, 0.500000182673803, 0.2557040362987538, 0.6222313328934699], [0.24806371131756488, 0.6206162110341584, 0.9911771098748163, 0.4478797445059921]]]",
    "nn_structure": [
        [
            4,
            16
        ],
        [
            2,
            4
        ]
    ]
}