{
    "best_fitness": 6.999783089089581,
    "avg_fitness": [
        0.0
    ],
    "cross_over_prob": 0.9,
    "mutation_prob": 0.05,
    "population_size": 40,
    "time_step": 10,
    "run_time": 10,
    "weights": "[[[-0.08956904833276712, -0.02330261022338817, 0.048992596313576914, 0.029992561575872656, -0.054571199746038614, -0.08131525222111752, -0.041141984691386996, 0.04104036909835562, -0.03163500222253893, 0.022301633171004726, 0.014025289865053386, -0.0007752087348914249, -0.0667282873934621, -0.06743944456126079, -0.0033552003410383807, -0.014216986336770335], [0.031722217481781084, -0.04431868151586893, 0.09259613855078405, -0.05227155463531868, -0.06765674058507071, 0.0060439666018886895, -0.04015573892573039, -0.06076781629290125, 0.04939456730277553, 0.07350352468848795, 0.045489485733856166, 0.0613598979615628, 0.03967401218692393, -0.030158982725243894, 0.02414091011396191, -0.060619724312843064], [0.09956346819280482, 0.0633308918970936, -0.08019018218970841, -0.04153453503356841, 0.014221983012722969, -0.0765883833771265, -0.03421851300890924, -0.08682869529646409, 0.0277183031930133, -0.04723848413542464, 0.03205608737529425, -0.06495598993250801, 0.08028369946533112, -0.08002298409619324, 0.08669007444691912, 0.08286509879321621], [0.013791810709694818, -0.04475301405673158, 0.04002525240048682, 0.010547601070271334, 0.03907366426768563, -0.058719026889451076, -0.09803667830462792, -0.03725935002852358, 0.01704846933369697, 0.014414454992098563, 0.04949092996307622, 0.07105806474349471, 0.07871639414271095, 0.02096337043643355, -0.027769609690335484, -0.0021907646530892055]], [[-0.04367060246882548, 0.04925871031797319, 0.09288995745601883, -0.02101085910756728], [0.08889862931770923, -0.051605209358769666, -0.09941104548426923, -0.0823146490471735]]]",
    "nn_structure": [
        [
            4,
            16
        ],
        [
            2,
            4
        ]
    ]
}