{
    "cross_over_prob": 0.9,
    "mutation_prob": 0.05,
    "population_size": 80,
    "time_step": 30,
    "run_time": 10,
    "weights": "[[[0.439222978087082, 0.963500159582451, 0.2456901614726975, 0.7278229001431752, 0.7575321043801139, 0.23234963906734885, 0.21345330385095795, 0.22755952649458022, 0.8681999154920753, 0.6199789935943885, 0.18243300636713833, 0.6121885055295672, 0.538100785559974, 0.9477408461992085, 0.7972446017309521, 0.7920256728603463], [0.18057297953775753, 0.6079060042869676, 0.6441008810131829, 0.8074446367947935, 0.2517073363657577, 0.1485543003242975, 0.7137288851548836, 0.1570795071330776, 0.7802631337849312, 0.8784918008392861, 0.2540952337164476, 0.4035217141382229, 0.26210488113275576, 0.14734239452984565, 0.9771175088460178, 0.35230133397716923], [0.4541086571410017, 0.8560459278213782, 0.4344838861235196, 0.0011718556677444703, 0.3757114427527537, 0.6129716834956306, 0.4880505955966742, 0.932420864080765, 0.0647654243980228, 0.5706420282105057, 0.5942548072001957, 0.6980456073284194, 0.5211498798360072, 0.9340295455893474, 0.8061061941853827, 0.23710324104431957], [0.908486274302982, 0.9355909484974112, 0.9774992372507522, 0.4300855369781771, 0.0701776030537482, 0.08636086818920907, 0.2600347624870111, 0.5850770128405461, 0.6188008090665641, 0.8983279771045678, 0.018595362544369, 0.8631425413535523, 0.8157715062281206, 0.931124808079227, 0.7380967633678199, 0.8693960660110349]], [[0.9851426332918533, 0.8624438525124817, 0.7532678039989542, 0.16055349408493935], [0.04985663839683052, 0.15709528682022245, 0.885622136304053, 0.6165520132193935]]]",
    "nn_structure": [
        [
            4,
            16
        ],
        [
            2,
            4
        ]
    ]
}