{
    "cross_over_prob": 0.9,
    "mutation_prob": 0.05,
    "population_size": 80,
    "time_step": 30,
    "run_time": 15,
    "weights": "[[[0.030059766094792884, 0.6239930455276407, 0.9535058662279814, 0.528966625859838, 0.7292348423004793, 0.3464061149992954, 0.6130008943484557, 0.303765788446691, 0.38700622772813376, 0.9548385810376369, 0.8389645068330377, 0.7918270345050209, 0.7696951468050699, 0.8643257359776898, 0.9048442229749686, 0.36411618855245986], [0.33496691855267413, 0.3576235315740868, 0.6057181601472548, 0.7027416045441174, 0.4149393587753666, 0.6157026055765336, 0.8610717690629448, 0.8359794961234807, 0.008864735312995475, 0.13137052210473288, 0.7328551516253077, 0.4237493860971925, 0.7427120809789951, 0.7106929145118535, 0.09434182983899497, 0.9527223653335958], [0.7369517410315461, 0.5991979921645565, 0.20809831797289202, 0.7229662533453143, 0.7266582409710799, 0.06833908697703073, 0.3705740468147676, 0.5280549693588807, 0.3811262326333077, 0.45165090406715613, 0.3702524362218307, 0.5292669793755437, 0.611125472475489, 0.8503098219319178, 0.05406329027336809, 0.5199373646557809], [0.1700602854900044, 0.3232013713292291, 0.2897167980059243, 0.6914385384212464, 0.841375617778754, 0.08800036947002954, 0.197645977084269, 0.334407340388145, 0.9016271904139863, 0.022342459372852175, 0.4831973626373328, 0.4535002936734932, 0.8713495178587536, 0.17057373345526183, 0.5119415345542326, 0.24384041817430213]], [[0.2666754604886479, 0.10419130384830222, 0.4633347975241404, 0.8399462779804258], [0.3382523760139169, 0.22052216659413126, 0.9389054217522179, 0.8385658382100398]]]",
    "nn_structure": [
        [
            4,
            16
        ],
        [
            2,
            4
        ]
    ]
}