{
    "cross_over_prob": 0.9,
    "mutation_prob": 0.05,
    "population_size": 40,
    "time_step": 30,
    "run_time": 20,
    "weights": "[[[0.24406526830373598, 0.47851197826058844, 0.7901540398323162, 0.9680886160508656, 0.6358754872805022, 0.4365960912455292, 0.7991258102679285, 0.8914238810550921, 0.10488262360639933, 0.4603365571332487, 0.33254656190119736, 0.2967694048231049, 0.7056483252189795, 0.5245974693869276, 0.054988462386898695, 0.8508629481943555], [0.753406666305159, 0.2034986504069568, 0.10065475636796284, 0.3411120383962881, 0.5267042717602313, 0.44878873181581247, 0.8151385829948687, 0.19454712770444937, 0.9208384860538069, 0.24145750541464506, 0.03295634687861715, 0.18537389094612322, 0.5426741190370039, 0.3580649191341053, 0.43089066256986197, 0.30681049226980905], [0.4283750833485075, 0.6466668427299407, 0.07738106807778666, 0.5244320739327532, 0.649762816104349, 0.7557785092303239, 0.3251913316256555, 0.02662796972174286, 0.41063563345526777, 0.7519601256252681, 0.6708725518899733, 0.9707462590828658, 0.7117027580973245, 0.15615753599917348, 0.9201017398425461, 0.03805486834325977], [0.5371948526160076, 0.06458487681007374, 0.06662849395343617, 0.2526861520812327, 0.6996278081619434, 0.4627784433678278, 0.04623150792553421, 0.91120210180461, 0.18919995400058975, 0.6601978007230589, 0.38377661306968514, 0.7215792628735244, 0.7304570466261724, 0.6579930052468086, 0.03383898618446202, 0.8812755248912882]], [[0.5739897354645149, 0.06369281653267245, 0.06188618533796386, 0.4144642021728495], [0.6262158491172729, 0.5240794030393203, 0.6359085299101203, 0.76543516985207]]]",
    "nn_structure": [
        [
            4,
            16
        ],
        [
            2,
            4
        ]
    ]
}