{
    "cross_over_prob": 0.9,
    "mutation_prob": 0.05,
    "population_size": 80,
    "time_step": 30,
    "run_time": 10,
    "weights": "[[[0.14345517602023783, 0.1581664196308341, 0.7345908988001386, 0.7513085619360249, 0.4492761602879064, 0.7604612343769807, 0.5230088022606404, 0.634309389760426, 0.3024403001528574, 0.23258927855594747, 0.37690138437783904, 0.7607956844968502, 0.7515551009153201, 0.355478897452036, 0.32936776598005846, 0.9844631108142724], [0.8481821651694419, 0.8090338151157784, 0.6825056975471873, 0.6267591580732604, 0.012073263010279778, 0.6159185406104224, 0.2323505547567427, 0.7063304757411982, 0.9811446749562519, 0.7447838398971492, 0.06101674471702567, 0.3225563060204586, 0.39400508012203495, 0.24384392623058893, 0.8440749342993815, 0.43928670919441015], [0.9027256378922761, 0.985695584495215, 0.9245588488860867, 0.1928020027679873, 0.09953975639863244, 0.2618705554642673, 0.8883023540123128, 0.7969615336134328, 0.5632871261804949, 0.2930281093324204, 0.2811808889405064, 0.7011752754458143, 0.7343735182590931, 0.006355236092246752, 0.392238705513531, 0.1777532210823426], [0.10902031167573933, 0.7286359729037616, 0.012058014994753452, 0.008527500515806086, 0.5852211290007975, 0.12413804371925374, 0.8231547116688589, 0.5191320882826745, 0.844263584617778, 0.5322745733436673, 0.6235215393093397, 0.7438475759489129, 0.4243848029392968, 0.25154929986230146, 0.2942775545133576, 0.19669341697273313]], [[0.5878533508983355, 0.3837335968018163, 0.14917098515852678, 0.07568925396880388], [0.6602158535188986, 0.8040050486899984, 0.5819410846803881, 0.7434728224396022]]]",
    "nn_structure": [
        [
            4,
            16
        ],
        [
            2,
            4
        ]
    ]
}