{
    "cross_over_prob": 0.9,
    "mutation_prob": 0.05,
    "population_size": 80,
    "time_step": 30,
    "run_time": 15,
    "weights": "[[[0.08348633191606392, 0.8249498396097146, 0.4873939712383223, 0.24005164260986078, 0.9745005500251936, 0.8900428639351243, 0.3157688539182022, 0.7966049762182411, 0.6306415202442007, 0.5947390114643266, 0.5330906437435601, 0.07209326586651787, 0.0845151235705699, 0.4810685135853606, 0.26102646607080204, 0.9258808024452165], [0.2352430020179861, 0.3683634573967042, 0.6125817119176213, 0.00341773449503302, 0.11979082348672565, 0.5208062556705828, 0.09948697656867278, 0.15632702858541347, 0.8010779501812713, 0.8910761524260239, 0.9289092946397858, 0.14041266816073916, 0.3890691879724377, 0.43491946361735523, 0.9270907418381581, 0.32313412885445436], [0.45020432379305486, 0.11657296960216124, 0.6764592979835898, 0.39060758194435297, 0.5768614580885726, 0.5475622578717618, 0.5221095486296801, 0.5310760658750021, 0.5612503856032832, 0.6268050028672697, 0.26081526292314894, 0.17730685486433928, 0.29034373399465574, 0.950941756344443, 0.9412259117623649, 0.09306449306499143], [0.10924122863827757, 0.6268129678662238, 0.28167415490043757, 0.971517391757701, 0.5290751525141425, 0.2127689007061655, 0.5181234481853144, 0.7155816083676522, 0.9408532948826046, 0.8410435748736649, 0.10924917367438336, 0.44740469348052536, 0.07155035151656242, 0.40958019190302886, 0.716721580985293, 0.2089182654189482]], [[0.34068454217972144, 0.24081663932442177, 0.14612545761859996, 0.9711834145553838], [0.29668965063389285, 0.7496278649530752, 0.2783280318921446, 0.0077483631542272224]]]",
    "nn_structure": [
        [
            4,
            16
        ],
        [
            2,
            4
        ]
    ]
}