{
    "cross_over_prob": 0.9,
    "mutation_prob": 0.05,
    "population_size": 80,
    "time_step": 30,
    "run_time": 10,
    "weights": "[[[0.5768479198282891, 0.8393135762357924, 0.833814613770817, 0.6071258251984567, 0.3352329407421507, 0.10943923305495062, 0.8809422044844538, 0.7185266478697442, 0.6970066751765113, 0.290950557829721, 0.5264816258043519, 0.3044275288040359, 0.44303950424482164, 0.9784038319285424, 0.6260977857709228, 0.8559506395517731], [0.7068605810732519, 0.13592977984922594, 0.6445496605395855, 0.018358698469935764, 0.8994228664322861, 0.6434302725684917, 0.8214876960847756, 0.6310571822506922, 0.43895302486417664, 0.20998478079614336, 0.11907524764784583, 0.48985280428531763, 0.8540591129976214, 0.07604914355385595, 0.5160266027457218, 0.4527041290858145], [0.229881312988925, 0.6318942503038075, 0.11654604406425939, 0.798130988107701, 0.8342529994252924, 0.007241200955605098, 0.6679931325558909, 0.9159152332018845, 0.14998072731642664, 0.33240544688728146, 0.6676919690363075, 0.7444595710132533, 0.9408771656854898, 0.3282435359192083, 0.8189343532531568, 0.5689229291198483], [0.6834791078308099, 0.8100689032250515, 0.43459152508933097, 0.20764818813516173, 0.2865746448225228, 0.19390304865047636, 0.7995764575619473, 0.35657688563738343, 0.009749184991895588, 0.5302671335836803, 0.9456411346710942, 0.7988878622601012, 0.8767356581486343, 0.15995497611769804, 0.3944563188758965, 0.7403692004368998]], [[0.34232604951820655, 0.38280463266597975, 0.08263007204194939, 0.19481368317568692], [0.1293660455690815, 0.5563991662682747, 0.11198442652332274, 0.5371107406817743]]]",
    "nn_structure": [
        [
            4,
            16
        ],
        [
            2,
            4
        ]
    ]
}