{
    "cross_over_prob": 0.9,
    "mutation_prob": 0.05,
    "population_size": 80,
    "time_step": 30,
    "run_time": 10,
    "weights": "[[[0.4555206177191853, 0.7731455902957591, 0.7853198646637859, 0.9249290070724523, 0.8786403112631671, 0.3965124270270005, 0.24859697122797242, 0.642209846626723, 0.8409794826143039, 0.8299535224882216, 0.5759240919465239, 0.5958377220304559, 0.13587516946276346, 0.5355981290914122, 0.43681143020898283, 0.7229507775443367], [0.42881687103349264, 0.8810328949450741, 0.16116767883126393, 0.8693212651871388, 0.8863163097176646, 0.5712841535619031, 0.08032026633554745, 0.5622375347534576, 0.7392110422649492, 0.24614164747281975, 0.7808087951737299, 0.808198424669479, 0.6799353168651434, 0.9474982009618258, 0.23647965952813055, 0.7511245839192965], [0.4457876824617679, 0.8058756074530335, 0.9737891581589568, 0.2956136523192341, 0.17492609107457602, 0.5079935955220749, 0.03886725774482436, 0.46282519879944584, 0.5782448604861102, 0.069382220052288, 0.768082952108261, 0.3173340171799166, 0.4386483952754002, 0.5195764894630023, 0.40415631510039063, 0.3592074940135853], [0.10902031167573933, 0.7286359729037616, 0.012058014994753452, 0.008527500515806086, 0.5852211290007975, 0.12413804371925374, 0.8231547116688589, 0.5191320882826745, 0.844263584617778, 0.5322745733436673, 0.6235215393093397, 0.7438475759489129, 0.4243848029392968, 0.25154929986230146, 0.2942775545133576, 0.19669341697273313]], [[0.6925251625155093, 0.09988036107149023, 0.28865714373328133, 0.18345121709608203], [0.42504830376892766, 0.4314130600516556, 0.9342487616098851, 0.7456408346272498]]]",
    "nn_structure": [
        [
            4,
            16
        ],
        [
            2,
            4
        ]
    ]
}