{
    "cross_over_prob": 0.9,
    "mutation_prob": 0.05,
    "population_size": 40,
    "time_step": 30,
    "run_time": 20,
    "weights": "[[[0.09138891650595371, 0.3813892904776188, 0.6600888785760093, 0.7573573956523433, 0.6173949331759683, 0.8312008310166883, 0.5171755116110056, 0.645941768374008, 0.8977368770754478, 0.8214932151470612, 0.5141757109787849, 0.40304149784010135, 0.07438964545126436, 0.620483989040718, 0.5116798711478182, 0.11550967717776406], [0.3389737895759197, 0.7262488486323143, 0.7812976183060464, 0.008503439968848059, 0.5161567219236579, 0.3500096668523981, 0.5274639593764611, 0.1539477404819649, 0.9732838789503515, 0.49314231942894704, 0.7008955267782779, 0.8752902357975763, 0.28727240107398555, 0.1837015692889794, 0.4558957363284498, 0.8312186869014776], [0.9174317266125525, 0.02403738041589043, 0.46717642659587166, 0.862271535360171, 0.5798057648191909, 0.2083928622206458, 0.1335724838434803, 0.5043300178731402, 0.727577145663905, 0.4283166504458198, 0.8530779361694407, 0.3998409896384598, 0.7194435884156656, 0.8759378882733814, 0.9003671409354782, 0.8639254442711948], [0.3827446488439531, 0.27674881572725807, 0.7081274547592459, 0.39861314478853793, 0.7096531179675527, 0.18379202278649298, 0.06221672166506531, 0.49080599636953826, 0.3755904838838098, 0.47610719435263604, 0.7343049544654798, 0.2734242901202437, 0.17431962964386638, 0.04249241012275373, 0.7149118517050924, 0.6232104037204768]], [[0.8084380848595867, 0.3955243556069392, 0.25629125436478917, 0.08663537898560081], [0.0665368705756827, 0.8625190908267123, 0.2391738238983383, 0.9285003670180783]]]",
    "nn_structure": [
        [
            4,
            16
        ],
        [
            2,
            4
        ]
    ]
}