{
    "cross_over_prob": 0.9,
    "mutation_prob": 0.05,
    "population_size": 80,
    "time_step": 30,
    "run_time": 15,
    "weights": "[[[0.9679070714107613, 0.6170168382723433, 0.774211930439394, 0.6817353463115161, 0.8632479475902929, 0.43603482248245806, 0.25864187256712046, 0.7409598780938832, 0.9629626627028341, 0.5920298372971271, 0.9941936401122059, 0.4549842299915816, 0.5229464387584667, 0.9171081583288188, 0.9511166997957008, 0.9881787518882864], [0.5962751006758896, 0.22187681820118466, 0.37802593481504565, 0.7116182526928662, 0.7428495117065631, 0.9589924536096375, 0.9219544437593208, 0.8038066076437117, 0.5891761094543481, 0.3374975394718538, 0.6836865959124775, 0.6857110588830618, 0.9387369538246528, 0.8160249192230833, 0.9030731616735463, 0.356639786345316], [0.63624527640504, 0.6291510170488369, 0.2465562464491986, 0.4171211257589982, 0.1042396864796249, 0.2444549792571037, 0.3189496836903164, 0.5338196551952207, 0.962107125347022, 0.7554304621080166, 0.9713030329487439, 0.23644423324815678, 0.3790341868938816, 0.7993086451746106, 0.8065981946556016, 0.32366217255304874], [0.5106116246482963, 0.07374619255915915, 0.8891353048207128, 0.05726841501745128, 0.4595889439066977, 0.09699988774977375, 0.6713073962750372, 0.5910778260352971, 0.23555695208848915, 0.3011864560161259, 0.34608491417020837, 0.8217261062563049, 0.07455822782997279, 0.48764704896274325, 0.7204651251171349, 0.9970854983177159]], [[0.7333859875677667, 0.26886169616706534, 0.29794283754021067, 0.5346134960701681], [0.4719197616297065, 0.4207467476652371, 0.756363728607713, 0.022457391255956693]]]",
    "nn_structure": [
        [
            4,
            16
        ],
        [
            2,
            4
        ]
    ]
}