{
    "cross_over_prob": 0.9,
    "mutation_prob": 0.05,
    "population_size": 8,
    "time_step": 100,
    "run_time": 2,
    "weights": "[[[0.4627291753323718, 0.9184535741052858, 0.10662418797145179, 0.6745306871686926, 0.5943572957681249, 0.56820290485237, 0.7545830684449114, 0.5140374625887599, 0.39807417373290555, 0.15714938826853697, 0.6590712957925696, 0.25302966390637804, 0.19319272605450144, 0.22588791425360022, 0.15122646435287534, 0.8526983565994384], [0.574220518295507, 0.8029817393863866, 0.2522352479713905, 0.34676971154208724, 0.34963408209138, 0.16377005605114303, 0.0029149340134012602, 0.48606235547201104, 0.8724886199910629, 0.19894889707926044, 0.9581253316739896, 0.6280161387389904, 0.03209455899616309, 0.1508160033258532, 0.21391588260717653, 0.3922000906588853], [0.5387153164647942, 0.27405893416743743, 0.7139464731490386, 0.39103505523758897, 0.6396011171186705, 0.019138338095432084, 0.5675236848169298, 0.866029707707856, 0.5410233193455447, 0.05244552981041273, 0.2365636172907689, 0.938154698360034, 0.20126119025003175, 0.7980316183052053, 0.5822609881034556, 0.05394787095475495], [0.8603821869715466, 0.9376606251337637, 0.7598742498185885, 0.9883909285051197, 0.6001017319171934, 0.9993215537191174, 0.18090121294782657, 0.1788817479271695, 0.496486145218065, 0.12568528944091462, 0.08030383535899444, 0.547373516896057, 0.1871417427062424, 0.6512208752061142, 0.9370216663792322, 0.41321347717999546]], [[0.6264726178107388, 0.3202821682501368, 0.9013477642366138, 0.16168132057605267], [0.7762970442513283, 0.5668604938253765, 0.7868674580069509, 0.23710641540750432]]]"
}