{
    "cross_over_prob": 0.9,
    "mutation_prob": 0.05,
    "population_size": 8,
    "time_step": 100,
    "run_time": 2,
    "weights": "[[[0.10047217551417564, 0.33648938628137404, 0.6403824546681203, 0.15954796647288072, 0.6172571687389284, 0.831671270928168, 0.5247150210099, 0.1155404945571804, 0.2044288878447862, 0.5544117108154835, 0.3209575962395561, 0.9101459489306578, 0.32959457303996187, 0.12436347513791013, 0.9711868028902644, 0.5358804923663976], [0.8317412227264822, 0.2067024880762548, 0.14016561054003607, 0.7895585165736246, 0.25728152305362784, 0.3724987808296839, 0.20094247961189826, 0.14509081199290685, 0.16978536232798858, 0.03029995190671364, 0.4069715657003854, 0.9373946206269355, 0.8587491851396497, 0.01887203415474059, 0.7360974175306727, 0.2683111503844795], [0.6657828834929964, 0.5271571215884621, 0.08322651542647863, 0.0955398127881365, 0.45341642105119884, 0.8511677301513975, 0.242567990418725, 0.15118130035083233, 0.4802137074190723, 0.17512245114788028, 0.2134965580554794, 0.3888490833551179, 0.0918203619359994, 0.30269733634690354, 0.027286431706361358, 0.9554215536870414], [0.6906840895252042, 0.5003164617529487, 0.286695726397996, 0.5191988110929667, 0.28247281065243124, 0.312659372145929, 0.3850562562084323, 0.9004452429661693, 0.05716961750602678, 0.27915586158418904, 0.3359966423205092, 0.14019028722983273, 0.8151659528064171, 0.5874265006393962, 0.6276134821006827, 0.6240983957598889]], [[0.5777225666839555, 0.8058596345781259, 0.22641687586897075, 0.1838567641974186], [0.13313244278939906, 0.31681315813828725, 0.8444358965208905, 0.9547814407447085]]]",
    "nn_structure": [
        [
            4,
            16
        ],
        [
            2,
            4
        ]
    ]
}