{
    "cross_over_prob": 0.9,
    "mutation_prob": 0.05,
    "population_size": 80,
    "time_step": 30,
    "run_time": 15,
    "weights": "[[[0.40129779603640714, 0.17160647474517454, 0.40260422392996675, 0.6340906416121697, 0.6971347958035906, 0.33045405182902066, 0.1001791122579726, 0.5283634905428859, 0.22857177248170524, 0.46688527316052786, 0.5430725108679416, 0.10305673250678127, 0.44554605504649125, 0.033917158808020154, 0.915967361621781, 0.6812354316339618], [0.9031960085323295, 0.6091369653874856, 0.7447271465277362, 0.7928824383882384, 0.7164965772507126, 0.11080074842524612, 0.8392981898844978, 0.5325188695552819, 0.21795119622205772, 0.16146524847525257, 0.20700706801796698, 0.7068583682618679, 0.6689144703819908, 0.04427693989431114, 0.2795938729871016, 0.30365585144767804], [0.9074343273968559, 0.3068924674080413, 0.5071778875103023, 0.12493793128165553, 0.2354014002394761, 0.21185882532851408, 0.5792895226279753, 0.7381223598615317, 0.16519425574252777, 0.9993452060134176, 0.9660710547156356, 0.35758666339642564, 0.08720326040358528, 0.23085504800537504, 0.5255766142080566, 0.8151110268562906], [0.22310816229369734, 0.5779940215562411, 0.9389244651883806, 0.009233208290930106, 0.7049671099952953, 0.21017340099827897, 0.9357306144393382, 0.20846382691805243, 0.57675772633442, 0.29722994618455434, 0.3079962957420608, 0.704718361703768, 0.5142416766274522, 0.5613026324526066, 0.24186554637478208, 0.48858324708307244]], [[0.4687992324004272, 0.5293417690939405, 0.39732659122714564, 0.9854722219952213], [0.8486665792038985, 0.02332910324047277, 0.668723325359688, 0.7679284516026719]]]",
    "nn_structure": [
        [
            4,
            16
        ],
        [
            2,
            4
        ]
    ]
}