{
    "cross_over_prob": 0.9,
    "mutation_prob": 0.05,
    "population_size": 80,
    "time_step": 30,
    "run_time": 15,
    "weights": "[[[0.7732907156938897, 0.16285968527296146, 0.7966048169330918, 0.6815170567663161, 0.09003623648489734, 0.6663386417984203, 0.4942518242834899, 0.5864675908874789, 0.5527931408804714, 0.946177032059749, 0.7026545181463003, 0.9742150939009547, 0.802987620019775, 0.8411936424319926, 0.27199982385769916, 0.9649963067921209], [0.5962751006758896, 0.22187681820118466, 0.37802593481504565, 0.7116182526928662, 0.7428495117065631, 0.9589924536096375, 0.9219544437593208, 0.8038066076437117, 0.5891761094543481, 0.3374975394718538, 0.6836865959124775, 0.6857110588830618, 0.9387369538246528, 0.8160249192230833, 0.9030731616735463, 0.356639786345316], [0.26019711022642866, 0.9284879537431102, 0.1813974082530373, 0.9479899953854892, 0.9277755478158451, 0.7513148911328849, 0.6710805488530232, 0.07866740032938768, 0.8902756060888203, 0.7129410570770951, 0.29709001771073806, 0.5030077402147778, 0.6837215369065897, 0.6145264498098156, 0.24357455091220792, 0.8007688909243266], [0.6157289990028095, 0.17851447226219164, 0.08606891087153723, 0.058846559935995524, 0.6166847885707674, 0.5328438006739028, 0.30553355562355566, 0.5184547152579105, 0.8221915780980089, 0.5915107979672397, 0.41444457105607624, 0.3970444215596929, 0.437702463480107, 0.20334791125170526, 0.3935146841544872, 0.12231432608462622]], [[0.8786860932185803, 0.6416026824351299, 0.22354660650793245, 0.3510881644121242], [0.7076644496519634, 0.03224019642950959, 0.8384698307880468, 0.7426133292753694]]]",
    "nn_structure": [
        [
            4,
            16
        ],
        [
            2,
            4
        ]
    ]
}