{
    "cross_over_prob": 0.9,
    "mutation_prob": 0.05,
    "population_size": 80,
    "time_step": 30,
    "run_time": 15,
    "weights": "[[[0.6251235666622507, 0.2759742697894897, 0.7394231374052191, 0.6912246246963842, 0.38777581468350975, 0.3339818443167808, 0.7543923132756181, 0.2917726215746904, 0.19467885349310476, 0.6383672816232399, 0.6122671778735183, 0.2497064110167001, 0.3796165449005564, 0.5790474189920035, 0.07548458823058357, 0.9845048504680276], [0.3278106090828703, 0.7311782649644336, 0.9371383646674782, 0.40348878171991165, 0.7266115549883343, 0.24934447595995402, 0.46499544792548897, 0.4430333446324697, 0.4235758100224969, 0.3173438983091579, 0.20624211601556075, 0.299639607835296, 0.5845196041692544, 0.3392957690990539, 0.3450050870892958, 0.8267635293992888], [0.25871512049560275, 0.7331232233359016, 0.22708060527537344, 0.3407156992114099, 0.002431484846905252, 0.192240715102731, 0.945265309296513, 0.7916046102020429, 0.26019644416507415, 0.7791799148636325, 0.7992283646193326, 0.8813170135651832, 0.6932103195313999, 0.9867784811001342, 0.5046219554104594, 0.8771546248183536], [0.18385160790296884, 0.8956575362402811, 0.7011478934456626, 0.15312846331612828, 0.04392668757984297, 0.7107489604523349, 0.43181430191468984, 0.8824661038949935, 0.6533340589152191, 0.12013171839083536, 0.8551913916690611, 0.005993370274495535, 0.9939339563891645, 0.21476389830536524, 0.3171995416498593, 0.18875338312946177]], [[0.8314165933286248, 0.9134006766144708, 0.4504512975650933, 0.655738566073673], [0.9948676457756648, 0.5491214856572698, 0.895814478639128, 0.1241522196989655]]]",
    "nn_structure": [
        [
            4,
            16
        ],
        [
            2,
            4
        ]
    ]
}