{
    "cross_over_prob": 0.9,
    "mutation_prob": 0.05,
    "population_size": 80,
    "time_step": 30,
    "run_time": 15,
    "weights": "[[[0.936209113091386, 0.096792515553217, 0.8768104630428508, 0.32785434951576664, 0.7449180026550312, 0.22147944028015698, 0.7513727674159076, 0.9074824595878335, 0.5597101585086192, 0.6198497374360118, 0.5021957559891229, 0.9365128671965384, 0.5898273617350456, 0.9804831549939661, 0.7880351275363019, 0.26972429615945304], [0.1681148622422105, 0.4889465320714116, 0.20313339917190298, 0.8808000031979806, 0.18103244423575382, 0.6914662430544666, 0.003769194354909189, 0.01387781979502678, 0.7374162096208206, 0.9227281555710161, 0.802204492033307, 0.8424772016867618, 0.8922906148489933, 0.4817500133805248, 0.03691201314553905, 0.2667659617312632], [0.7855556263203723, 0.8888110513058342, 0.9658340034297944, 0.08583401092014353, 0.854221605589358, 0.03852688451051989, 0.746463077172366, 0.6194652194414434, 0.8255509721513191, 0.9067313406620655, 0.5663762553846181, 0.06587150048079138, 0.397308137710626, 0.9766668080838466, 0.7597662833258997, 0.2883177394531141], [0.9930576052303614, 0.15627480964191465, 0.5214168431053438, 0.6702407310335694, 0.3500916685536678, 0.27697490583929685, 0.1299375140283252, 0.05114492767380796, 0.4331364605462067, 0.051952267536528485, 0.8252657205670605, 0.5539990501244425, 0.5288933165217594, 0.3914017077716452, 0.2150637945299213, 0.9342840508314317]], [[0.7720233311366808, 0.44846081126595794, 0.9797410377812605, 0.4971112599188675], [0.913089279589243, 0.8275606961989178, 0.7416629492755188, 0.5468993449783479]]]",
    "nn_structure": [
        [
            4,
            16
        ],
        [
            2,
            4
        ]
    ]
}