{
    "cross_over_prob": 0.9,
    "mutation_prob": 0.05,
    "population_size": 80,
    "time_step": 30,
    "run_time": 15,
    "weights": "[[[0.17785761144351886, 0.6529262695321346, 0.2402997117818576, 0.003273298926853241, 0.09834328512509927, 0.3127756591776423, 0.4669096803862852, 0.4365089553748057, 0.207517134482317, 0.4451467330443165, 0.2191997246082661, 0.6459651372451173, 0.3713620729325019, 0.8290581987996786, 0.07942177844901654, 0.416931403986491], [0.6085810521504484, 0.573847328703817, 0.14307382666895962, 0.037679468645843595, 0.19960989431752374, 0.43100957028465614, 0.30226892936484095, 0.09128429079225142, 0.9544709140187113, 0.07280257562131887, 0.8482361279258539, 0.38308993241807043, 0.7453134255067432, 0.2069149557602895, 0.9015392481834528, 0.7176098834683533], [0.25871512049560275, 0.7331232233359016, 0.22708060527537344, 0.3407156992114099, 0.002431484846905252, 0.192240715102731, 0.945265309296513, 0.7916046102020429, 0.26019644416507415, 0.7791799148636325, 0.7992283646193326, 0.8813170135651832, 0.6932103195313999, 0.9867784811001342, 0.5046219554104594, 0.8771546248183536], [0.18385160790296884, 0.8956575362402811, 0.7011478934456626, 0.15312846331612828, 0.04392668757984297, 0.7107489604523349, 0.43181430191468984, 0.8824661038949935, 0.6533340589152191, 0.12013171839083536, 0.8551913916690611, 0.005993370274495535, 0.9939339563891645, 0.21476389830536524, 0.3171995416498593, 0.18875338312946177]], [[0.11359029823714883, 0.16268104475286027, 0.8379803189988038, 0.8155668909311032], [0.6231119982380319, 0.15320465721414855, 0.42212996974614236, 0.3177049853558034]]]",
    "nn_structure": [
        [
            4,
            16
        ],
        [
            2,
            4
        ]
    ]
}