{
    "cross_over_prob": 0.9,
    "mutation_prob": 0.05,
    "population_size": 80,
    "time_step": 30,
    "run_time": 15,
    "weights": "[[[0.11631891197068178, 0.05327743097127435, 0.6021771045309956, 0.15745172694037024, 0.9143528757601895, 0.38498274287175294, 0.1241526735345777, 0.021002099345773018, 0.8578440025390375, 0.3806963461189765, 0.004564579643496769, 0.590625795392123, 0.42668356207383273, 0.05083144580509236, 0.5125797787435052, 0.6707785049852588], [0.9168283130771075, 0.5706465374210898, 0.27519532759155874, 0.7125623707671521, 0.18490967057210228, 0.06873093243075368, 0.3593721167634696, 0.5745504303167802, 0.44330659221006685, 0.08064848798978197, 0.04474281895040533, 0.6295356483817856, 0.6565923972205503, 0.9450714991036423, 0.22563409419817582, 0.222208324406712], [0.25871512049560275, 0.7331232233359016, 0.22708060527537344, 0.3407156992114099, 0.002431484846905252, 0.192240715102731, 0.945265309296513, 0.7916046102020429, 0.26019644416507415, 0.7791799148636325, 0.7992283646193326, 0.8813170135651832, 0.6932103195313999, 0.9867784811001342, 0.5046219554104594, 0.8771546248183536], [0.6141556087859864, 0.4123579121976455, 0.91094700126776, 0.46181404738763576, 0.5308006857396842, 0.3527832388761757, 0.5021286151922701, 0.43339801692385826, 0.7465972816597195, 0.29311308771489597, 0.6802556372244143, 0.23904140472096724, 0.8817158200247852, 0.9584905142836737, 0.8662569883581468, 0.9289732406552259]], [[0.3496347633549278, 0.48899529221239546, 0.828608742696803, 0.658858885823237], [0.9948676457756648, 0.5491214856572698, 0.895814478639128, 0.1241522196989655]]]",
    "nn_structure": [
        [
            4,
            16
        ],
        [
            2,
            4
        ]
    ]
}