{
    "cross_over_prob": 0.9,
    "mutation_prob": 0.05,
    "population_size": 8,
    "time_step": 100,
    "run_time": 2,
    "weights": "[[[0.6609524992365189, 0.9094658081663578, 0.0957809053710037, 0.810780473663532, 0.6966577050231123, 0.18271788270277278, 0.5885693663103775, 0.8344875787301859, 0.26830857666625607, 0.21705270406873967, 0.9360587041240555, 0.8804470005239134, 0.202432540189884, 0.91230616632482, 0.8122338139084914, 0.7534332683321557], [0.4301401303434841, 0.6828198345711648, 0.7665308964107178, 0.5758151851083, 0.6508832599726523, 0.23172276169916395, 0.5706187052846742, 0.4092648199989487, 0.24149232595790016, 0.13376476393172831, 0.4684712382333496, 0.2860940955923593, 0.10131090701817991, 0.10632686189121399, 0.447372569319859, 0.5851903899210157], [0.4203633165576137, 0.7524398436805897, 0.7098292256527258, 0.12667510317069386, 0.8035851842202781, 0.2846964150732545, 0.19775932646044136, 0.8663286587889301, 0.17476168996888208, 0.9450715936491301, 0.11380245028388769, 0.09341159134341193, 0.3177733821561367, 0.7017455948069171, 0.8820047014107388, 0.35231374296807494], [0.5343120546617511, 0.1731441986061224, 0.4768424341822679, 0.17370593045194338, 0.6321904553806058, 0.9104810650168096, 0.38193767100207665, 0.49994139475721666, 0.7295947284709666, 0.11391245484608159, 0.20579881737036543, 0.8290471080410732, 0.8968752760386092, 0.7201851295511593, 0.4477983948307326, 0.5691663688317196]], [[0.5287472285489158, 0.070597907608413, 0.5109401851246584, 0.8963051099214128], [0.015009236463249254, 0.20207604036783688, 0.9147190298557095, 0.1003897178260218]]]"
}