{
    "cross_over_prob": 0.9,
    "mutation_prob": 0.05,
    "population_size": 80,
    "time_step": 30,
    "run_time": 15,
    "weights": "[[[0.662252793878559, 0.2751798535995488, 0.2536870476119669, 0.9571621062090973, 0.853411684517841, 0.3915022821654355, 0.5302353817983481, 0.7980680977958703, 0.3382613933113796, 0.4691279474783827, 0.2820277273956825, 0.9215923977954141, 0.24654844096703887, 0.7477906440238794, 0.6697374577071173, 0.7663515488339494], [0.6022622969515666, 0.22979796822054865, 0.48564523194268794, 0.6294139478234395, 0.19320515624261603, 0.3084849454106774, 0.16307674205129719, 0.7725606361371364, 0.21326190659927702, 0.5806024849142046, 0.7561881250331952, 0.05177205456539724, 0.12906096375432696, 0.8840873366117556, 0.9782200551637535, 0.47067544457482036], [0.9074343273968559, 0.3068924674080413, 0.5071778875103023, 0.12493793128165553, 0.2354014002394761, 0.21185882532851408, 0.5792895226279753, 0.7381223598615317, 0.16519425574252777, 0.9993452060134176, 0.9660710547156356, 0.35758666339642564, 0.08720326040358528, 0.23085504800537504, 0.5255766142080566, 0.8151110268562906], [0.0648974443354825, 0.08796954362390841, 0.2485257679310091, 0.22351370559679196, 0.5364130000656202, 0.07609799419629337, 0.3064280480816557, 0.38212206138695537, 0.25235159964965237, 0.9641565028801945, 0.36919674283095116, 0.28693965263653254, 0.30154869454621125, 0.8001685065486349, 0.3939867690456679, 0.41058581068130395]], [[0.6425224212189379, 0.8331122566157212, 0.9983352758614119, 0.8523771989631495], [0.03241899828204631, 0.33338339268451767, 0.29610096432259225, 0.9864055004731677]]]",
    "nn_structure": [
        [
            4,
            16
        ],
        [
            2,
            4
        ]
    ]
}