{
    "cross_over_prob": 0.9,
    "mutation_prob": 0.05,
    "population_size": 8,
    "time_step": 100,
    "run_time": 2,
    "weights": "[[[0.8476262359842978, 0.8644059327738448, 0.09284104861196651, 0.9115495317121854, 0.27164027264371626, 0.24418118077502615, 0.06461486961890539, 0.39295889844144993, 0.23414272672988, 0.6489672219707368, 0.694624878520678, 0.6103582998871936, 0.47212959091333784, 0.7484895242362614, 0.24572791048341303, 0.13169545613520595], [0.8372033298238549, 0.6968213227463922, 0.1707513900018799, 0.48219721484799816, 0.6993852213091986, 0.7528575904171072, 0.048535906459869604, 0.8665263922489735, 0.8104990215910846, 0.8924666569818159, 0.6120285807960988, 0.3928248545078419, 0.5644140786723147, 0.44432225769665246, 0.7937532043496274, 0.9850613448149874], [0.27944523960688294, 0.009252940006376553, 0.5750296459456762, 0.8602141290638171, 0.002710473294866733, 0.12028470259659929, 0.2609447898445175, 0.6190225162750356, 0.4791207554501624, 0.8768051936023917, 0.1814044879324367, 0.5068386851794424, 0.017007446657626657, 0.22088432569909056, 0.07417311476598498, 0.004552732637970736], [0.7371545511384795, 0.7390727181397762, 0.09208255295646628, 0.062105902114446776, 0.7751468906230061, 0.9511969463417725, 0.5832926119274292, 0.550382657329151, 0.06787620083709045, 0.73927155508517, 0.7861788949320291, 0.5736702819697861, 0.4056958035734698, 0.5254588252573172, 0.9645367985387803, 0.31526595102783617]], [[0.1704795518259763, 0.727918857138714, 0.9186591937808021, 0.3493629606895958], [0.6913001843594337, 0.6435222892488377, 0.07657183715106075, 0.7735449517143347]]]"
}