{
    "cross_over_prob": 0.9,
    "mutation_prob": 0.05,
    "population_size": 80,
    "time_step": 30,
    "run_time": 10,
    "weights": "[[[0.2838640292431155, 0.02445075142109332, 0.9033550036627336, 0.6128715922785904, 0.9690409442129355, 0.31539491909649875, 0.31545449777672485, 0.5084987878629238, 0.47992476476838264, 0.3618399652851162, 0.7892320068658842, 0.4124927372961804, 0.1845467946525179, 0.35934978207639245, 0.93666734154439, 0.9275796631756067], [0.2650568414690596, 0.2846156565989607, 0.32334955809347266, 0.2508474144421662, 0.950555573954486, 0.7956421341254167, 0.11596218961872418, 0.7485815951587265, 0.13309919554691163, 0.1556316616222947, 0.8695798447545106, 0.916907844070737, 0.9382856010285273, 0.8376001593229202, 0.7786691935186387, 0.31433646814417104], [0.229881312988925, 0.6318942503038075, 0.11654604406425939, 0.798130988107701, 0.8342529994252924, 0.007241200955605098, 0.6679931325558909, 0.9159152332018845, 0.14998072731642664, 0.33240544688728146, 0.6676919690363075, 0.7444595710132533, 0.9408771656854898, 0.3282435359192083, 0.8189343532531568, 0.5689229291198483], [0.7451200335665964, 0.9957509937476027, 0.5357186790164333, 0.00775119076372488, 0.3245997019093604, 0.5282370890137549, 0.8951393389100458, 0.10403495756894132, 0.05782410421953321, 0.07085901826128604, 0.2132301290305335, 0.6060121713114405, 0.3701384738281479, 0.3540753059571706, 0.7262244088860125, 0.08148383036549411]], [[0.08011403969683939, 0.8994606101749574, 0.8707875497357455, 0.25438891736348634], [0.3495499978217278, 0.6208468834943921, 0.5668618947535976, 0.921144485483545]]]",
    "nn_structure": [
        [
            4,
            16
        ],
        [
            2,
            4
        ]
    ]
}