{
    "cross_over_prob": 0.9,
    "mutation_prob": 0.05,
    "population_size": 40,
    "time_step": 30,
    "run_time": 20,
    "weights": "[[[0.09138891650595371, 0.3813892904776188, 0.6600888785760093, 0.7573573956523433, 0.6173949331759683, 0.8312008310166883, 0.5171755116110056, 0.645941768374008, 0.8977368770754478, 0.8214932151470612, 0.5141757109787849, 0.40304149784010135, 0.07438964545126436, 0.620483989040718, 0.5116798711478182, 0.11550967717776406], [0.753406666305159, 0.2034986504069568, 0.10065475636796284, 0.3411120383962881, 0.5267042717602313, 0.44878873181581247, 0.8151385829948687, 0.19454712770444937, 0.9208384860538069, 0.24145750541464506, 0.03295634687861715, 0.18537389094612322, 0.5426741190370039, 0.3580649191341053, 0.43089066256986197, 0.30681049226980905], [0.8432249231665067, 0.5744892737887275, 0.9841821688754062, 0.8374007326474026, 0.6733332672983866, 0.9957569341252752, 0.5073825825482822, 0.5882002893182103, 0.47078078122190126, 0.7801764544687759, 0.7532529557842792, 0.8556678435280096, 0.34664728579129167, 0.8777863344621563, 0.3419295628754926, 0.1583808667336991], [0.1923869602522067, 0.15001626255102463, 0.16907803583071235, 0.8352086034442985, 0.5348778147031396, 0.1114623512035996, 0.3896688667303637, 0.474552173267936, 0.9465135558613754, 0.20530834119077324, 0.5664589175806718, 0.8572740543090477, 0.23460655400377606, 0.017533064062840498, 0.8520912796914141, 0.08235804101346023]], [[0.8084380848595867, 0.3955243556069392, 0.25629125436478917, 0.08663537898560081], [0.0665368705756827, 0.8625190908267123, 0.2391738238983383, 0.9285003670180783]]]",
    "nn_structure": [
        [
            4,
            16
        ],
        [
            2,
            4
        ]
    ]
}