{
    "cross_over_prob": 0.9,
    "mutation_prob": 0.05,
    "population_size": 80,
    "time_step": 30,
    "run_time": 15,
    "weights": "[[[0.8788166546757427, 0.11492936223239114, 0.9083367461701254, 0.627108528189932, 0.837351435028167, 0.5023236786594413, 0.6456927812264879, 0.1915829846989897, 0.5521457555601689, 0.08361651247791013, 0.4447142028765074, 0.8654626971907922, 0.17644509421740207, 0.7523394197254044, 0.42918069239857903, 0.016032597418817573], [0.8767233776801889, 0.9063591983877997, 0.7065135991701081, 0.14707080265335604, 0.4799985628872222, 0.6231620009171075, 0.38288729905087926, 0.3312776471076849, 0.5311136655004834, 0.021554011406463403, 0.13498691227329274, 0.4570961996793981, 0.6170809999499446, 0.38933992361716663, 0.32782972284943845, 0.8346528444068329], [0.3629245082405127, 0.6726259475215326, 0.514057423224299, 0.1351015328739671, 0.3399048319433956, 0.9066001592288984, 0.9017704058053735, 0.9205634379275995, 0.7942935262919424, 0.6898170004064186, 0.30674907737876755, 0.7035306614926072, 0.10668982386926362, 0.5977012899137045, 0.1264063539309509, 0.7065217248882355], [0.295801648873259, 0.09354260666123693, 0.2079868549001519, 0.6745324955635632, 0.13948179981381215, 0.4622577030121299, 0.5985789423422794, 0.4622002302649213, 0.12439020960175873, 0.2885637333683868, 0.3534180170470935, 0.6551941057074809, 0.060924611051779376, 0.8301276858817371, 0.19895337196168783, 0.5194543584355777]], [[0.5156752175235553, 0.04414549073361551, 0.22197948489835928, 0.4493381491148808], [0.7040457221828229, 0.5448449947184684, 0.844545313405298, 0.06829832601387609]]]",
    "nn_structure": [
        [
            4,
            16
        ],
        [
            2,
            4
        ]
    ]
}