{
    "cross_over_prob": 0.9,
    "mutation_prob": 0.05,
    "population_size": 80,
    "time_step": 30,
    "run_time": 15,
    "weights": "[[[0.7732907156938897, 0.16285968527296146, 0.7966048169330918, 0.6815170567663161, 0.09003623648489734, 0.6663386417984203, 0.4942518242834899, 0.5864675908874789, 0.5527931408804714, 0.946177032059749, 0.7026545181463003, 0.9742150939009547, 0.802987620019775, 0.8411936424319926, 0.27199982385769916, 0.9649963067921209], [0.9172370482939797, 0.8740086105505268, 0.841772302566478, 0.38559147418613116, 0.5275889119039507, 0.9453794508946172, 0.6740214141783619, 0.9507904704890143, 0.9289199799885259, 0.9358448477910741, 0.3878041646008398, 0.40665925988073526, 0.7351206820747472, 0.6470524238220033, 0.7867737399130268, 0.6998854618048037], [0.7435410891521885, 0.5388812297431169, 0.2669525365598928, 0.35726861203229343, 0.8576260724032732, 0.18779000313613092, 0.6292887230063677, 0.37697488775691024, 0.6416606609091637, 0.016985788882320163, 0.7968225189013547, 0.9788953785637747, 0.017309663442905854, 0.33716803741526546, 0.30109998324061027, 0.1140164411457869], [0.4560213930239696, 0.06863911177533721, 0.5637159249158488, 0.9400805337523075, 0.9830628599605773, 0.8711307407251371, 0.04417723514574068, 0.9578832410792422, 0.009674186999623635, 0.7893359028175087, 0.7969718077056559, 0.5926245721186353, 0.04455694800318466, 0.8604000330352665, 0.6576605217934949, 0.7375680442779255]], [[0.35259845534194834, 0.17722322821382275, 0.24035593066996352, 0.2724456121764248], [0.6596667645668541, 0.0641929219856241, 0.38758620147041367, 0.9890289614842342]]]",
    "nn_structure": [
        [
            4,
            16
        ],
        [
            2,
            4
        ]
    ]
}