{
    "cross_over_prob": 0.9,
    "mutation_prob": 0.05,
    "population_size": 80,
    "time_step": 30,
    "run_time": 10,
    "weights": "[[[0.5340462464694841, 0.9006583829710078, 0.6709132075631694, 0.3191043202995014, 0.6484963844935492, 0.32176766881638685, 0.8510910129690935, 0.5506143896973963, 0.5913779682994921, 0.9447943866705419, 0.7496513451713497, 0.20140384172328774, 0.9800355136146446, 0.39547018710901893, 0.36868022203558004, 0.3440472139115829], [0.5917048451243654, 0.9289313854961543, 0.1349006500577088, 0.2273215572484103, 0.2308258968636534, 0.9539664447035983, 0.6765812534659628, 0.5293882816868913, 0.7913209330998534, 0.21848065557414598, 0.41151655485954874, 0.08038525263680174, 0.2517216145981943, 0.950823532119741, 0.3564507918539772, 0.1681742411625673], [0.8184149438433119, 0.908141086490437, 0.5310753399965885, 0.23824022067586514, 0.31257710115937254, 0.48750548202797506, 0.40773510716363937, 0.5526818524529867, 0.9224331412072609, 0.06651676677010077, 0.7691174046213564, 0.7960515979072745, 0.12785093065764008, 0.875439976892019, 0.23181829107499996, 0.7509458262125661], [0.6181331635560764, 0.763153493429297, 0.5325054010176601, 0.0493300738822251, 0.7622607283594187, 0.6305356794754766, 0.6872658964794487, 0.5900306845085216, 0.9017085653617527, 0.7422807408612758, 0.2878739482995262, 0.1040736236723181, 0.786208939048791, 0.24077547787567977, 0.7980329993834201, 0.7431040743064464]], [[0.4503951188750448, 0.2177027123890224, 0.2719867593297526, 0.4683290802696144], [0.04985663839683052, 0.15709528682022245, 0.885622136304053, 0.6165520132193935]]]",
    "nn_structure": [
        [
            4,
            16
        ],
        [
            2,
            4
        ]
    ]
}