{
    "cross_over_prob": 0.9,
    "mutation_prob": 0.05,
    "population_size": 80,
    "time_step": 30,
    "run_time": 10,
    "weights": "[[[0.8807798285526728, 0.26549218982486733, 0.10870341001936534, 0.566049342681296, 0.5195215848860659, 0.614970589492133, 0.2721401400761042, 0.25273153020638817, 0.5804104768861087, 0.1829061131852565, 0.03961542594034728, 0.8036085258422389, 0.9406952648495569, 0.5268245191656904, 0.26662373455053345, 0.02473058946311346], [0.5917048451243654, 0.9289313854961543, 0.1349006500577088, 0.2273215572484103, 0.2308258968636534, 0.9539664447035983, 0.6765812534659628, 0.5293882816868913, 0.7913209330998534, 0.21848065557414598, 0.41151655485954874, 0.08038525263680174, 0.2517216145981943, 0.950823532119741, 0.3564507918539772, 0.1681742411625673], [0.3359477821150396, 0.8237096691781327, 0.02391585693729259, 0.29854233451411816, 0.020823805383917482, 0.9056649573363996, 0.2998027525013821, 0.7663035519020973, 0.9795130659322653, 0.09950250179238262, 0.7654174139986162, 0.45038041072018753, 0.38049437519436125, 0.7782919271087172, 0.3324785535257657, 0.6612723559044299], [0.908486274302982, 0.9355909484974112, 0.9774992372507522, 0.4300855369781771, 0.0701776030537482, 0.08636086818920907, 0.2600347624870111, 0.5850770128405461, 0.6188008090665641, 0.8983279771045678, 0.018595362544369, 0.8631425413535523, 0.8157715062281206, 0.931124808079227, 0.7380967633678199, 0.8693960660110349]], [[0.9692188239517767, 0.187333425343995, 0.8853787729838191, 0.17208384563922918], [0.2288417740140689, 0.07995033294111809, 0.0679917327693168, 0.513545203252573]]]",
    "nn_structure": [
        [
            4,
            16
        ],
        [
            2,
            4
        ]
    ]
}