{
    "cross_over_prob": 0.9,
    "mutation_prob": 0.05,
    "population_size": 80,
    "time_step": 30,
    "run_time": 10,
    "weights": "[[[0.8625069287579733, 0.5084284843155983, 0.8731087638433228, 0.31035073505006205, 0.8304781512258774, 0.11628240761246833, 0.5632780870718428, 0.9804466401924924, 0.4318444333738194, 0.36358517188785955, 0.3299007862362878, 0.6282367355182958, 0.3603494357042304, 0.11242061586525975, 0.26795128967582316, 0.5996335620059821], [0.8785014611721033, 0.2882530317944184, 0.9597030330986315, 0.42661077599980424, 0.649993600780819, 0.5797689921429123, 0.20648057896722993, 0.3874888060377809, 0.017561543392556667, 0.7330336452010255, 0.5867420306106205, 0.8330957074402822, 0.4443385411987666, 0.3703839025091591, 0.08716353321518822, 0.6051196583133874], [0.4822226038747842, 0.7694646935330847, 0.7424409945757028, 0.7280800424638272, 0.26125792172655093, 0.5901957162863695, 0.4095121817302039, 0.5932699660311204, 0.3588105317375181, 0.3432976803596365, 0.9919375794244837, 0.9392351333695521, 0.44750798216930754, 0.3950372026926431, 0.5484545760011769, 0.030808494011293597], [0.4025725936264444, 0.08874399356461127, 0.5217562045248056, 0.8314939970918563, 0.9509757115986998, 0.6170275227514116, 0.6169130349041501, 0.19437298508333356, 0.6251972013706958, 0.792520431665295, 0.8955607121288309, 0.2591338074490176, 0.3777566456593001, 0.06523004396196641, 0.6141052459384645, 0.2445171519887569]], [[0.6776156958806241, 0.003364697204532141, 0.7213947168328487, 0.9936561889648297], [0.1293660455690815, 0.5563991662682747, 0.11198442652332274, 0.5371107406817743]]]",
    "nn_structure": [
        [
            4,
            16
        ],
        [
            2,
            4
        ]
    ]
}