{
    "cross_over_prob": 0.9,
    "mutation_prob": 0.05,
    "population_size": 80,
    "time_step": 30,
    "run_time": 15,
    "weights": "[[[0.09147855820929829, 0.11786687000604079, 0.546765722449516, 0.01518886658617058, 0.8184191439670991, 0.06004382343046122, 0.6340751779650996, 0.7535864919692392, 0.7923504145802506, 0.31426076065092134, 0.5757625219395133, 0.8766651889192819, 0.8944283309265278, 0.4866487509826153, 0.5401190394010854, 0.3229888866589191], [0.5962751006758896, 0.22187681820118466, 0.37802593481504565, 0.7116182526928662, 0.7428495117065631, 0.9589924536096375, 0.9219544437593208, 0.8038066076437117, 0.5891761094543481, 0.3374975394718538, 0.6836865959124775, 0.6857110588830618, 0.9387369538246528, 0.8160249192230833, 0.9030731616735463, 0.356639786345316], [0.63624527640504, 0.6291510170488369, 0.2465562464491986, 0.4171211257589982, 0.1042396864796249, 0.2444549792571037, 0.3189496836903164, 0.5338196551952207, 0.962107125347022, 0.7554304621080166, 0.9713030329487439, 0.23644423324815678, 0.3790341868938816, 0.7993086451746106, 0.8065981946556016, 0.32366217255304874], [0.6157289990028095, 0.17851447226219164, 0.08606891087153723, 0.058846559935995524, 0.6166847885707674, 0.5328438006739028, 0.30553355562355566, 0.5184547152579105, 0.8221915780980089, 0.5915107979672397, 0.41444457105607624, 0.3970444215596929, 0.437702463480107, 0.20334791125170526, 0.3935146841544872, 0.12231432608462622]], [[0.8786860932185803, 0.6416026824351299, 0.22354660650793245, 0.3510881644121242], [0.4719197616297065, 0.4207467476652371, 0.756363728607713, 0.022457391255956693]]]",
    "nn_structure": [
        [
            4,
            16
        ],
        [
            2,
            4
        ]
    ]
}