{
    "cross_over_prob": 0.9,
    "mutation_prob": 0.05,
    "population_size": 40,
    "time_step": 30,
    "run_time": 20,
    "weights": "[[[0.5633410090280121, 0.8755066004038178, 0.034593138628872366, 0.21784064672606374, 0.2763683451279365, 0.7226209784215124, 0.1239920877273556, 0.7165829279455871, 0.2711364716763428, 0.10692038955037086, 0.819924658973815, 0.23814502754975908, 0.015771776928644843, 0.8140045667832719, 0.26750992111523664, 0.6619249593217689], [0.46250933537971806, 0.0269127443225452, 0.9165307409850536, 0.39826543789305136, 0.4326613294982177, 0.3622841045333317, 0.058765658253041586, 0.8534481995281321, 0.09706346806888377, 0.6516380744521632, 0.18179971998823707, 0.2685858134976282, 0.08979366089167407, 0.555766041064622, 0.848887718763454, 0.7770426773730975], [0.07761880031292645, 0.1288539536081964, 0.07217881192411657, 0.5961419023644612, 0.12268201717979565, 0.9699605854962156, 0.09891288209001403, 0.23434214795323172, 0.7585812743358911, 0.2220418819200295, 0.44067853190839956, 0.7146582658453723, 0.8085962534862783, 0.5857467460582938, 0.17075721979834102, 0.8499294594675647], [0.8049497321768483, 0.9598014834447557, 0.3494203452061182, 0.629818813358799, 0.4857536315866907, 0.2568090129692544, 0.37044017047491595, 0.18721307424575762, 0.22100318839145883, 0.3831304139020463, 0.5511133352930702, 0.011294636872610564, 0.5164035104845206, 0.8724922390580647, 0.8110747611747704, 0.9028207027727941]], [[0.13280665762783217, 0.02344174296999124, 0.7479885038660915, 0.1558272873414286], [0.5568561522489606, 0.7532289187798503, 0.5132230644207936, 0.9230343931334305]]]",
    "nn_structure": [
        [
            4,
            16
        ],
        [
            2,
            4
        ]
    ]
}