{
    "cross_over_prob": 0.9,
    "mutation_prob": 0.05,
    "population_size": 80,
    "time_step": 30,
    "run_time": 15,
    "weights": "[[[0.7871352538783769, 0.5379912688293856, 0.18569928767665567, 0.46975705403368107, 0.2297193305833941, 0.012737201726766623, 0.3193123165720232, 0.06385505073927222, 0.9979070575710068, 0.11622518407336668, 0.14808207697078135, 0.19363134140012772, 0.3477925458532636, 0.7705053358857565, 0.33942469263147956, 0.23360528605908792], [0.029103868047130388, 0.7471493337374413, 0.7040556710516092, 0.11713226572082491, 0.4701356788928108, 0.5321796818189214, 0.013573915106193657, 0.42240352932831726, 0.8801908102921224, 0.1064720545757536, 0.5612338572226789, 0.7825591439830205, 0.7396398721354697, 0.8848684624818028, 0.7041862735390623, 0.7351989956523454], [0.6846667281432908, 0.2817976622428885, 0.7290449294642956, 0.8924402750366074, 0.32692538043788455, 0.007824616505511806, 0.9774405060719725, 0.786026541416908, 0.22307570990048453, 0.622715897910495, 0.3085420644698008, 0.49785407570093576, 0.8611388451346599, 0.3026508963354394, 0.27459175077890496, 0.7346076621067628], [0.5609924637935605, 0.9878883901221418, 0.6193224137666752, 0.04143214761544489, 0.18241645060124734, 0.687192728449829, 0.5358423651275424, 0.9921109062277931, 0.1870431821186086, 0.397824869255738, 0.4406451755063725, 0.8351047027899123, 0.878805476911552, 0.31471642347416473, 0.9943318175214899, 0.001499579398575701]], [[0.34068454217972144, 0.24081663932442177, 0.14612545761859996, 0.9711834145553838], [0.4366782709881013, 0.4020785542448019, 0.6142165184534647, 0.982369504974106]]]",
    "nn_structure": [
        [
            4,
            16
        ],
        [
            2,
            4
        ]
    ]
}