{
    "cross_over_prob": 0.9,
    "mutation_prob": 0.05,
    "population_size": 80,
    "time_step": 30,
    "run_time": 15,
    "weights": "[[[0.4439664831177884, 0.3104997408314272, 0.27694599705312706, 0.49476311088843805, 0.41313296768160535, 0.2069705709639521, 0.7309814774891878, 0.20501948199683273, 0.9701827228841216, 0.9148598182204017, 0.45266957306453814, 0.21350020218967414, 0.691815660264625, 0.8828981053486227, 0.29390792421868117, 0.043202901316099274], [0.005330291315162494, 0.9800132761741077, 0.5884583873423125, 0.3729391369486206, 0.24241285051521122, 0.4035041335588112, 0.7647682803149232, 0.9995672763324657, 0.09499394383524074, 0.8320332357598242, 0.5211397076870304, 0.25152561150648245, 0.6120177709140635, 0.9192055585296339, 0.5562602625766574, 0.2486165617591103], [0.5542240832929606, 0.02735601457238479, 0.27401106794259544, 0.5657006182654108, 0.9000620648261128, 0.33815058726087244, 0.815712536545902, 0.9919445803300454, 0.08340874402561294, 0.3087514320261735, 0.7510530045752799, 0.19933247227239848, 0.9221509307516368, 0.22297875522150967, 0.8409616424500344, 0.8515079513277131], [0.6141556087859864, 0.4123579121976455, 0.91094700126776, 0.46181404738763576, 0.5308006857396842, 0.3527832388761757, 0.5021286151922701, 0.43339801692385826, 0.7465972816597195, 0.29311308771489597, 0.6802556372244143, 0.23904140472096724, 0.8817158200247852, 0.9584905142836737, 0.8662569883581468, 0.9289732406552259]], [[0.016818074513512693, 0.627812565543251, 0.5704479521741865, 0.012333473235668135], [0.7559471263386855, 0.09727192590565292, 0.8065452076823878, 0.5155572980062649]]]",
    "nn_structure": [
        [
            4,
            16
        ],
        [
            2,
            4
        ]
    ]
}