{
    "cross_over_prob": 0.9,
    "mutation_prob": 0.05,
    "population_size": 80,
    "time_step": 30,
    "run_time": 15,
    "weights": "[[[0.7732907156938897, 0.16285968527296146, 0.7966048169330918, 0.6815170567663161, 0.09003623648489734, 0.6663386417984203, 0.4942518242834899, 0.5864675908874789, 0.5527931408804714, 0.946177032059749, 0.7026545181463003, 0.9742150939009547, 0.802987620019775, 0.8411936424319926, 0.27199982385769916, 0.9649963067921209], [0.019730991275083376, 0.7915521526619254, 0.0010333472655703613, 0.48738697411371046, 0.9159205586333449, 0.09105431793096463, 0.4222619237871905, 0.6552881433551097, 0.5285383150014963, 0.1939209875864838, 0.025151094686383213, 0.10385750354248857, 0.055365520955227066, 0.8833344425762792, 0.32166681541375874, 0.8302493033391111], [0.11351020091139219, 0.3934052932909835, 0.478966051896487, 0.613584239808154, 0.5375044230204388, 0.31584243356924024, 0.020805493215387272, 0.05091756869183606, 0.6630442625912696, 0.9497543289885215, 0.8688028565766512, 0.746616139187217, 0.5505233594963085, 0.9978978889514003, 0.17339068466059349, 0.7906768193972912], [0.6157289990028095, 0.17851447226219164, 0.08606891087153723, 0.058846559935995524, 0.6166847885707674, 0.5328438006739028, 0.30553355562355566, 0.5184547152579105, 0.8221915780980089, 0.5915107979672397, 0.41444457105607624, 0.3970444215596929, 0.437702463480107, 0.20334791125170526, 0.3935146841544872, 0.12231432608462622]], [[0.7333859875677667, 0.26886169616706534, 0.29794283754021067, 0.5346134960701681], [0.7642241849477351, 0.8147046819308973, 0.49664952465841217, 0.9408450515758577]]]",
    "nn_structure": [
        [
            4,
            16
        ],
        [
            2,
            4
        ]
    ]
}