{
    "cross_over_prob": 0.9,
    "mutation_prob": 0.05,
    "population_size": 80,
    "time_step": 30,
    "run_time": 15,
    "weights": "[[[0.9265670945147294, 0.26945551992818206, 0.47753916298916665, 0.26474934540618045, 0.13024229587907077, 0.4239632531728388, 0.07362255498609682, 0.06013802657458156, 0.4492538397190371, 0.2962121671957898, 0.701035551013198, 0.37412863194539514, 0.5334720101731477, 0.15060515925780738, 0.19596361575647514, 0.2687460043730401], [0.10908328191200778, 0.6995064251658205, 0.09075039699739074, 0.29147266483192813, 0.1282647716490103, 0.27902684103683506, 0.057035827750989254, 0.35169620845036276, 0.3330748842485066, 0.08333296548646929, 0.9041707264634901, 0.4759058629681606, 0.2695219207886006, 0.6164936324957841, 0.5246859975246512, 0.2964647524660463], [0.25871512049560275, 0.7331232233359016, 0.22708060527537344, 0.3407156992114099, 0.002431484846905252, 0.192240715102731, 0.945265309296513, 0.7916046102020429, 0.26019644416507415, 0.7791799148636325, 0.7992283646193326, 0.8813170135651832, 0.6932103195313999, 0.9867784811001342, 0.5046219554104594, 0.8771546248183536], [0.07127484962893027, 0.3015748425599952, 0.8076074540260091, 0.8761324203841966, 0.20060065626017975, 0.4149048849912027, 0.8462615059024109, 0.1915801207641401, 0.05424282303055128, 0.8160581142249129, 0.9621321990593297, 0.17049084298230321, 0.4669180108977359, 0.9508535725439042, 0.6652949729669013, 0.3673572349001526]], [[0.7077993156013949, 0.40638693772703927, 0.9319168007728957, 0.7472532671943306], [0.9948676457756648, 0.5491214856572698, 0.895814478639128, 0.1241522196989655]]]",
    "nn_structure": [
        [
            4,
            16
        ],
        [
            2,
            4
        ]
    ]
}