{
    "cross_over_prob": 0.9,
    "mutation_prob": 0.05,
    "population_size": 80,
    "time_step": 30,
    "run_time": 10,
    "weights": "[[[0.20153365734431705, 0.03844775110786802, 0.970367301740901, 0.261790091317606, 0.8683442619863707, 0.7139732494489384, 0.5663844764017565, 0.8067419104761542, 0.46495671306780684, 0.9311135139716417, 0.7576185052874826, 0.12363592523743705, 0.020728711707230674, 0.5944370789502373, 0.012989922218024863, 0.04770516649904444], [0.42881687103349264, 0.8810328949450741, 0.16116767883126393, 0.8693212651871388, 0.8863163097176646, 0.5712841535619031, 0.08032026633554745, 0.5622375347534576, 0.7392110422649492, 0.24614164747281975, 0.7808087951737299, 0.808198424669479, 0.6799353168651434, 0.9474982009618258, 0.23647965952813055, 0.7511245839192965], [0.4457876824617679, 0.8058756074530335, 0.9737891581589568, 0.2956136523192341, 0.17492609107457602, 0.5079935955220749, 0.03886725774482436, 0.46282519879944584, 0.5782448604861102, 0.069382220052288, 0.768082952108261, 0.3173340171799166, 0.4386483952754002, 0.5195764894630023, 0.40415631510039063, 0.3592074940135853], [0.5176616490054468, 0.4505452795271414, 0.5236910623936927, 0.6914933405828052, 0.06677828421520704, 0.3177065244416034, 0.6502402257470291, 0.4228432898420301, 0.9293460533070957, 0.32831378956768, 0.962519081155898, 0.8206811761385097, 0.5110486391859079, 0.5201294450770951, 0.4415412217499439, 0.6035053133181681]], [[0.5878533508983355, 0.3837335968018163, 0.14917098515852678, 0.07568925396880388], [0.42504830376892766, 0.4314130600516556, 0.9342487616098851, 0.7456408346272498]]]",
    "nn_structure": [
        [
            4,
            16
        ],
        [
            2,
            4
        ]
    ]
}