{
    "best_fitness": 19.527927574357186,
    "avg_fitness": [
        4.526390005248514,
        13.08907622104214,
        4.64012877735822,
        21.77074868462448
    ],
    "cross_over_prob": 0.9,
    "mutation_prob": 0.05,
    "population_size": 40,
    "time_step": 10,
    "run_time": 10,
    "weights": "[[[0.028292931846732733, 0.09137740802637753, -0.1516865892995464, -0.09232451464267317, -0.021328944598245445, 0.049618246431975266, 0.08437518865672952, -0.028446617530834956, 0.023357692477819353, -0.09443221354696625, -0.05984993721429921, 0.07108284010369745, 0.06149802224354717, -0.09165609843429623, -0.02815889288154299, 0.02577462099367306], [-0.08402452404105692, 0.03497994332120108, 0.043501964168914, -0.04613661883581617, 0.09653281542558381, 0.07232046336552728, -0.08471917141856858, 0.07270136780467226, 0.029231008428762223, -0.024206357732598535, 0.032635676743165754, 0.05427561235812195, 0.05331659534301583, 0.08803682638611796, 0.08208795694867019, 0.0881711335004027], [0.02698385893390673, -0.0673255936556515, 0.024474135253889223, 0.031606081214769294, -0.0059321826725091675, 0.07078547524276785, -0.028520278714109934, -0.0921237871293884, -0.010956307094346737, -0.08933935070880306, 0.09888849326619095, -0.09358279883466561, -0.029701086235277077, 0.0641466764060635, -0.07803226079444192, -0.08628864987797276], [0.019629279491132162, 0.06569551748151742, -0.06064477157079678, 0.022616004317882465, 0.02712513488953161, 0.0785955913819551, -0.0985035466727246, 0.07536557317170475, -0.07207579696451874, -0.06652646155182282, 0.09420973529114901, 0.0241097562967163, 0.059128498004982294, 0.04667578574552375, 0.05699729156629477, 0.05684536910626006]], [[-0.04038977729002047, -0.058526442585958696, 0.06624178712431913, 0.009500037435063113], [-0.007252405498093986, -0.06550485207879016, -0.005230258415378691, 0.032709690784433476]]]",
    "nn_structure": [
        [
            4,
            16
        ],
        [
            2,
            4
        ]
    ]
}