{
    "best_fitness": 8304.969641332827,
    "avg_fitness": [
        0.000462493452844,
        0.0015547131351835723,
        0.0062763018968150135,
        0.001102947965553587,
        71.07626768206131,
        1.1520144225469826,
        0.8561172649756887,
        0.9854103799695059,
        -5.842818275529702,
        2.5724284848406733,
        4.971556381640264,
        2.6181579537515334,
        -0.18335563669360735,
        1.4385178326576906,
        25.50672283474443,
        1.4718384314344588,
        0.3984286383588472,
        0.20331377455014876,
        2.9798131831873524,
        -4.943115705750789,
        0.0003263617537842522,
        8.535813363860463,
        55.240655590745064,
        1.7130193162308238,
        1.5044307564385728,
        2.1019515864280898,
        21.381357297496447,
        54.90486493190266,
        1.6244453990411771,
        10.829587568129307,
        -1.0972966644724447,
        12.84520430453002,
        55.96334146887045,
        -5.079204210048087,
        -0.5213663743374531,
        1.4017609553147348,
        0.1116023218115001,
        2.5415008905246963,
        -0.0013505867703890936,
        0.5108435348103778,
        1.8871102512655729,
        2.0065221474622135,
        -7.9080168182629205,
        0.17925718339633534,
        1.0876208259759441,
        17.74930197616012,
        0.019755374584460892,
        2.007237656814088,
        5.081027578886149e-11,
        1.1307520943702758,
        2.0248556098175765,
        -2.6024634849480437,
        1.2421625912727554,
        2.4635441251895434,
        -11.698557244083297,
        0.00028431529663422287,
        0.5997092263168932,
        25.183512352365792,
        0.7758815962794329,
        1.4895279665644137,
        150.57508157627979,
        2.395495516364454,
        2.1084376496515125,
        60.19218961506077,
        6.465616726318942,
        0.8497394550550617,
        -7.011768980260676,
        117.94331152904427,
        2.993817779668742,
        7.6207959506739655,
        58.67396638793359,
        105.89095550874197,
        37.788122383214656,
        13.274428140870478,
        29.141894110513697,
        29.249362565931012,
        22.49844015789644,
        305.61313822102846,
        347.70725858062895,
        323.84788289706177
    ],
    "cross_over_prob": 0.9,
    "mutation_prob": 0.05,
    "population_size": 80,
    "time_step": 10,
    "run_time": 15,
    "weights": "[[[-0.07878169464196633, -0.19869814213451398, -0.23356551337253206, 0.0333791646511708, -0.9852671087436347, -0.050977517689039464, -0.489121252113101, -0.6420397875139268, 0.06621890385008919, -0.010685912749377996, -0.08707700504399314, -0.08548863826416407, -0.12970627047905503, 0.06535481166783896, -0.08679510918512304, -0.07601669545480774], [-0.1484491070660403, -0.7688038907096177, -0.5528745303716922, -0.43890237332220416, -0.18998951964678423, 0.06890126818941078, 0.42438038866290495, 0.2623082208093275, -0.03271838246553793, -0.8198563347043502, -0.070022563496863, -0.9579705240533116, -0.9404910917281262, -0.09359307609780182, -0.006831244331706315, 0.053836449066894304], [-0.04935673481019989, -0.009171933761513679, -0.06442928826583735, 0.33083199831246013, -0.9225765604431282, 0.09827356878238386, -0.01870071167203584, 0.5715337686279975, 0.8198276852570521, -0.08936777016946884, -0.46042427723268187, 0.01627634122763491, -0.7312230706926448, -0.7366477142932697, 0.008001917416440157, -0.05948720210375023], [-0.023577543867843234, 0.08962294446010419, 0.0506980873413819, -0.09814687127436415, 0.03953464939573978, 0.0012602366679923954, -0.0955426999486738, 0.05505223413938598, -0.022849264605869418, -0.007779063068061837, 0.07450799919611312, -0.039392957395667644, -0.09064504409554225, 0.09031360682660519, -0.0202488850808685, -0.030770251490403674]], [[-0.09404540622334119, -0.2440246458494133, -0.8078771541900103, 0.012849325858551405], [-0.18160848353938164, -0.33226216773726525, -0.47626611220163495, -0.041256578925960644]]]",
    "nn_structure": [
        [
            4,
            16
        ],
        [
            2,
            4
        ]
    ]
}