{
    "best_fitness": 0.01878508267414812,
    "avg_fitness": [
        0.000462493452844
    ],
    "cross_over_prob": 0.9,
    "mutation_prob": 0.05,
    "population_size": 80,
    "time_step": 10,
    "run_time": 15,
    "weights": "[[[-0.07878169464196633, -0.059268932250779255, 0.030892199749852745, 0.0333791646511708, 0.0037864125197292486, -0.050977517689039464, -0.02760334601399715, -0.05201511461630666, 0.06621890385008919, -0.010685912749377996, -0.08707700504399314, -0.08548863826416407, -0.08521498459276278, 0.06535481166783896, -0.08679510918512304, -0.07601669545480774], [-0.07395770585517139, -0.06734619794196942, 0.06473975599291129, -0.001493387039637556, 0.07851980284470081, -0.03517517900012139, -0.005057217454047927, -0.07033522017232906, -0.020942790104041875, -0.07730072334826064, 0.025615944129428164, 0.06611099151970704, 0.030296507655983962, -0.08865533184782, -0.040879529166973176, 0.038054521592643054], [-0.03992265103485826, -0.02351446654755604, 0.03877273353616534, -0.013721998594120335, 0.03264578012718394, -0.02696850591160152, -0.004020835276923124, -0.046925175352538796, 0.014467225666333156, -0.0072863201591955445, 0.02503108959419234, -0.0661329160584446, 0.0021154380894603253, 0.06101513692645805, 0.0013013242657015506, -0.0625215036976596], [-0.014859107154872861, 0.07746303912764688, -0.031181239441917905, -0.059265676953652036, 0.012597411046275292, 0.028989777699341496, -0.032656165532694084, 0.05635635527974925, 0.03956208000366235, -0.09464230266459822, -0.08241788157528362, -0.037433676164489005, 0.03723396296994966, -0.041741539200497196, -0.052757932139943314, -0.07637962912413887]], [[-0.09404540622334119, -0.06410034507633366, -0.06775417941106446, 0.012849325858551405], [0.08883071398344314, 0.04067669770363974, -0.0623964687509357, -0.041256578925960644]]]",
    "nn_structure": [
        [
            4,
            16
        ],
        [
            2,
            4
        ]
    ]
}