{
    "best_fitness": 0.35162590977507296,
    "avg_fitness": [
        0.000462493452844,
        0.0015547131351835723,
        0.0062763018968150135
    ],
    "cross_over_prob": 0.9,
    "mutation_prob": 0.05,
    "population_size": 80,
    "time_step": 10,
    "run_time": 15,
    "weights": "[[[-0.07878169464196633, -0.059268932250779255, 0.030892199749852745, 0.0333791646511708, 0.0037864125197292486, -0.050977517689039464, -0.02760334601399715, -0.05201511461630666, 0.06621890385008919, -0.010685912749377996, -0.08707700504399314, -0.08548863826416407, -0.08521498459276278, 0.06535481166783896, -0.08679510918512304, -0.07601669545480774], [-0.0733311957873179, -0.062250826683675965, 0.027916127000543606, 0.07269884175743299, 0.012436435254118888, 0.07057864489564908, -0.07805346604917239, -0.027020226829382807, 0.0026830075972328754, 0.04386589085438369, -0.070022563496863, -0.045711750122283124, 0.0787868164072659, -0.09359307609780182, -0.006831244331706315, 0.053836449066894304], [-0.04935673481019989, -0.009171933761513679, -0.06442928826583735, 0.01949056747516327, -0.08496796572049764, 0.09827356878238386, -0.01870071167203584, 0.02350167499422655, 0.02860322755807615, -0.07073386539384746, 0.05229847979485555, 0.01627634122763491, 0.03674155615944649, 0.040779136603147526, 0.008001917416440157, -0.05948720210375023], [-0.023577543867843234, 0.08962294446010419, 0.0506980873413819, -0.09814687127436415, 0.03953464939573978, 0.0012602366679923954, -0.0955426999486738, 0.05505223413938598, -0.022849264605869418, -0.007779063068061837, 0.07450799919611312, -0.039392957395667644, -0.09064504409554225, 0.09031360682660519, -0.0202488850808685, -0.030770251490403674]], [[-0.09404540622334119, -0.06410034507633366, -0.06775417941106446, 0.012849325858551405], [0.08883071398344314, 0.04067669770363974, -0.0623964687509357, -0.041256578925960644]]]",
    "nn_structure": [
        [
            4,
            16
        ],
        [
            2,
            4
        ]
    ]
}