{
    "best_fitness": 214.02010493465977,
    "avg_fitness": [
        -25591.861070131537,
        -329.3684155184512,
        6.434778873698269
    ],
    "cross_over_prob": 0.9,
    "mutation_prob": 0.05,
    "population_size": 40,
    "time_step": 10,
    "run_time": 10,
    "weights": "[[[-0.05098475881279956, -0.011869478399524083, -0.07273080035595998, -0.005406764528177635, 0.07891517238873222, 0.005500261845090004, 0.05556940259537049, -0.05051356915053998, 0.06293853490506424, 0.07519953174299401, 0.08290805745117799, 0.016924316326207917, -0.008071332402948397, -0.00029657115500474063, 0.08426496604370651, 0.015913931252221375], [-0.03704602487940012, -0.07654122553811403, 0.08590399871457918, 0.026162138460957107, 0.05970460633602151, -0.0702298137193554, 0.03192067118929673, -0.08577344691531702, -0.08766986041165348, 0.06595108413504167, -0.03945494800044749, 0.0481593259497034, 0.038402071013604155, 0.010318039047415864, 0.0546538783551567, -0.020652665885914162], [-0.09767874882259385, 0.062231606094714315, -0.02980286928964833, 0.024679475459675235, 0.05703778344345606, 0.04008000802542172, 0.056359319795481005, 0.06091524836959841, -0.085595060987606, 0.05350783496568931, -0.013506159777790683, -0.09140359265877929, 0.0870411746767957, 0.07363718436334862, 0.07211748106124469, -0.08601250645061323], [0.03675076467000912, 0.06177703021645639, 0.055905235981139584, -0.08184122475146383, -0.07054379474857966, -0.0726780187040626, 0.04332365853323866, -0.09704835928708078, 0.03833016296363689, 0.09195225959201386, -0.008860899869880617, -0.022238561332860313, -0.06679566444963309, 0.0004149888368356197, -0.08682674880705543, -0.060541367881319946]], [[0.09020036115877558, -0.0017043850350189904, -0.08617671018153424, -0.0793487201316393], [0.022582625453044985, 0.0411381834092194, 0.09455158189220583, 0.07768688927133413]]]",
    "nn_structure": [
        [
            4,
            16
        ],
        [
            2,
            4
        ]
    ]
}