{
    "best_fitness": 65.37456412042972,
    "avg_fitness": [
        -25591.861070131537,
        -329.3684155184512,
        6.434778873698269,
        13231.327755870594,
        5130.1310746502695,
        29325.39858157788,
        41.78812686350081,
        3.6493375401457278,
        6.309722408932318,
        9.57886642894086,
        0.6865224090030632,
        25944.57603669607,
        1.532586457165222,
        1423.386782998461,
        926.9523573045917,
        22080.035306550144,
        1.574033041017754,
        31199.53560592758,
        1026.5462968162622,
        1494.588055182905,
        12171.163740081103,
        1.4909441505452679,
        5146.980687454183,
        27418.964975340008,
        5.78405453035037,
        10294.205937140227,
        30068.00531385092,
        5162.932785561289,
        8008.284861195022,
        6959.638946535381,
        23117.82178908909,
        2.2219885815739775
    ],
    "cross_over_prob": 0.9,
    "mutation_prob": 0.05,
    "population_size": 40,
    "time_step": 10,
    "run_time": 10,
    "weights": "[[[-0.05098475881279956, -0.011869478399524083, -0.07273080035595998, -0.005406764528177635, 0.07891517238873222, 0.005500261845090004, 0.05556940259537049, -0.05051356915053998, 0.06293853490506424, 0.07519953174299401, 0.08290805745117799, 0.016924316326207917, -0.008071332402948397, -0.00029657115500474063, 0.08426496604370651, 0.015913931252221375], [-0.03704602487940012, -0.07654122553811403, 0.08590399871457918, 0.026162138460957107, 0.05970460633602151, -0.0702298137193554, 0.03192067118929673, -0.08577344691531702, -0.08766986041165348, 0.06595108413504167, -0.03945494800044749, 0.0481593259497034, 0.038402071013604155, 0.010318039047415864, 0.0546538783551567, -0.020652665885914162], [-0.09767874882259385, 0.062231606094714315, -0.05816388688106047, 0.024679475459675235, 0.05703778344345606, 0.04008000802542172, 0.027801465541583668, 0.06091524836959841, -0.04043989598785822, 0.04482992249682258, -0.013506159777790683, -0.09140359265877929, 0.0649941955240319, 0.07363718436334862, 0.07211748106124469, -0.08601250645061323], [0.042692116731526564, 0.06177703021645639, 0.0881532157957147, -0.08184122475146383, -0.07054379474857966, -0.07718451912960483, 0.019943058812900226, -0.07723119566069453, 0.021948163073162948, 0.1251453696497516, -0.012152626190978993, -0.022238561332860313, -0.008116244455750862, 0.00019263901303772472, -0.04944873876532904, -0.060541367881319946]], [[0.09020036115877558, -0.0017043850350189904, -0.08617671018153424, -0.0793487201316393], [0.022392295020750352, 0.0302188546725064, 0.07534596621660226, 0.07768688927133413]]]",
    "nn_structure": [
        [
            4,
            16
        ],
        [
            2,
            4
        ]
    ]
}