{
    "best_fitness": 1.275357738565222,
    "avg_fitness": [
        0.046820127399907194,
        0.02260534192237193,
        0.03491482830855944,
        0.02799669656223181,
        0.008707291614973274,
        0.09046283009945086,
        0.06105796766925488,
        0.12173104561047335,
        0.07006738265906574,
        0.10284016576085384,
        0.20067957740264336,
        0.22619685323589875,
        0.13217314244717,
        0.12339884450208646
    ],
    "cross_over_prob": 0.9,
    "mutation_prob": 0.05,
    "population_size": 80,
    "time_step": 10,
    "run_time": 15,
    "weights": "[[[-0.04091330981083146, 0.05933515760325889, -0.0689867654467472, -0.012904103418175383, 0.03149893744891591, 0.06284980594310502, -0.009905875763136104, 0.0170090986347899, 0.0781087319857039, -0.027003879933818017, -0.08595182551636876, -0.09631938812457096, -0.0670037510994779, -0.07058399735844374, 0.06703845227668934, 0.06482095883393843], [0.002751261568589597, 0.034341635038081936, -0.04452179797079852, -0.05274402105064402, 0.0733028424014622, 0.05482649705621004, 0.08158935626250077, -0.041847282713063, -0.05597546306592354, -0.05094403316345526, 0.07616274564452502, -0.04182779087102495, 0.054335054586329534, -0.04163830455337021, -0.02513035983308891, 0.01214153518834446], [0.0007508586678396656, -0.04090842408371527, 0.04847279978554131, -0.02153578231121603, 0.09905092154601933, -0.05899200869273174, -0.0817768160605092, 0.02196496673640487, 0.017341585593903946, -0.015974596782697012, 0.09337435528797666, 0.032097057118979117, -0.01303815481496147, 0.022525133732334376, -0.0377260017308976, 0.06283509586429495], [0.07267044186565241, 0.09324477770053946, -0.012298958954433073, 0.08414724838986262, 0.03231618754338689, 0.09255895276840861, 0.09026140250104606, 0.06786467275968863, 0.0532515857591945, 0.05566816031522476, -0.09943885964526972, 0.06716050793087891, 0.08934567007688765, 0.01363621492903011, 0.06151669459867451, -0.07684486848947586]], [[0.024956536902882576, 0.03813438001430619, -0.06859420744558054, -0.047559527639258393], [0.019116115308329795, 0.8590472910262315, 0.8311871672317499, 0.03318833828740819]]]",
    "nn_structure": [
        [
            4,
            16
        ],
        [
            2,
            4
        ]
    ]
}