{
    "best_fitness": 0.7891475760396367,
    "avg_fitness": [
        0.046820127399907194,
        0.02260534192237193
    ],
    "cross_over_prob": 0.9,
    "mutation_prob": 0.05,
    "population_size": 80,
    "time_step": 10,
    "run_time": 15,
    "weights": "[[[-0.03807203179568115, 0.05887126170179666, -0.05798394879555518, -0.027153312496983342, 0.03811206170211123, 0.05113077124047591, -0.07224785752284302, -0.08674221454806141, -0.008340780557715657, 0.02169002281905466, -0.03869566333629331, -0.08868942684016326, 0.08203847419492083, -0.05087571345180495, -0.010320816117057416, 0.015161242018484594], [0.088480873489279, 0.09941117913134526, -0.06199604588355883, 0.04141416550328164, 0.058374611783962915, 0.07312509683841595, 0.04646353542557202, 0.06896094351899415, -0.03800137279629075, -0.03447669272396432, 0.08879825683242484, 0.07767173287612544, 0.008075541128649208, -0.027468436538395286, 0.06181900468565721, 0.027613593085387522], [-0.007796573771516033, 0.048583202313912555, 0.06553427492051492, 0.021170487812613062, -0.07232108962709848, -0.0753988076410767, -0.04168603459431182, 0.056459405374069016, -0.0021163325815239664, 0.06342757334445037, -0.07364928882689847, -0.051646507934039756, 0.040781955256672164, -0.018675450193854276, -0.025198747896038515, -0.03463959674716843], [-0.06506504100714947, -0.019122095766038585, 0.05731616277947968, 0.05239061977909579, -0.0077904546836775335, -0.05659987916598384, 0.05493743120653252, 0.013171867508610477, 0.024392948961560898, 0.023209747004292458, 0.08282145268639543, 0.012730927021509422, -0.051149804745818234, 0.08028171266302808, -0.01264515573853553, -0.08037980056375682]], [[-0.06464591874800843, -0.07567119581603693, -0.08795788993877046, 0.06007370789536742], [0.004542415169625141, 0.06924408511684263, -0.009478718371719028, -0.07422036972329034]]]",
    "nn_structure": [
        [
            4,
            16
        ],
        [
            2,
            4
        ]
    ]
}