{
    "best_fitness": 1.7430545014573366,
    "avg_fitness": [
        0.046820127399907194,
        0.02260534192237193,
        0.03491482830855944,
        0.02799669656223181,
        0.008707291614973274,
        0.09046283009945086,
        0.06105796766925488
    ],
    "cross_over_prob": 0.9,
    "mutation_prob": 0.05,
    "population_size": 80,
    "time_step": 10,
    "run_time": 15,
    "weights": "[[[-0.03237677331778095, 0.007310968617407321, -0.004675587152110541, -0.04398369250300278, 0.0739595533017394, 0.03447792448559389, 0.06243543303339022, 0.03242458657257172, -0.09903043845433064, -0.019788078998149827, -0.035333880589050626, -0.0720269295082791, 0.09174907227383988, -0.011213634581594453, -0.03511547881868647, 0.097863363144674], [0.056914930183413315, 0.05113317045094751, 0.0040138176520747165, -0.09048367426101184, 0.03214468923893535, -0.0020783640708749995, -0.08116055571202235, -0.05082645874247363, -0.04412630222010072, -0.096162320497027, -0.02783355944027864, -0.008508949177395086, -0.04084980723113112, 0.013408255710981726, -0.027201197003913796, 0.001467149467485676], [0.0036255862882102335, 0.034127380943221625, -0.08222298118420626, -0.08297632966717057, -0.02197548257298862, -0.00999085447023837, 0.01136231173900068, -0.086286606290479, 0.012243853389883791, 0.09803108400898927, -0.0754088450363883, 0.027237784785297675, -0.0926372047219451, 0.011228204456567276, -0.08109333945413975, -0.09716239560837359], [0.06810121674240696, -0.0489822755552086, 0.04407388609624446, 0.048074650779408395, -0.00612808736732029, 0.06578750549968312, -0.05050553869357091, 0.0994768074051535, -0.06177043190608429, -0.011250308988856622, 0.08297718361745648, 0.08151333168125968, -0.054155122749650314, 0.02840465914514076, -0.00057611325217366, -0.08026730164072093]], [[0.024956536902882576, -0.5352078659887103, -0.06859420744558054, -0.047559527639258393], [0.019116115308329795, 0.005729557745776409, 0.0962020549540551, 0.03318833828740819]]]",
    "nn_structure": [
        [
            4,
            16
        ],
        [
            2,
            4
        ]
    ]
}