{
    "best_fitness": 1.1042976343338118,
    "avg_fitness": [
        0.046820127399907194,
        0.02260534192237193,
        0.03491482830855944
    ],
    "cross_over_prob": 0.9,
    "mutation_prob": 0.05,
    "population_size": 80,
    "time_step": 10,
    "run_time": 15,
    "weights": "[[[-0.06871044840242821, -0.024943049516679444, 0.0601746514834203, 0.02876781915688914, 0.025555943074502208, -0.02768040480676426, -0.06866031217909038, 0.09104547404473867, 0.012595512593164604, 0.09799039437515175, 0.027547395877531716, -0.03255772000376271, -0.006425087623880027, -0.01566902351802195, -0.01613838548745035, -0.08218808588120069], [-0.0857648582833273, 0.07435207722544365, -0.05235606985595425, -0.06940409040653427, 0.03339124702565954, -0.0560961153126083, -0.051732067743306125, 0.0764409958823222, 0.03509637071000099, -0.002617476660635651, 0.05580446936811417, 0.032014448970017095, -0.08534731366995935, 0.08197259768084855, 0.03614009857991779, 0.01675484754830321], [-0.016801627349802728, 0.013752504197796417, -0.057843704267043286, -0.09189923286891595, 0.01221859825588327, -0.06578654102306228, -0.0700797300917976, -0.010245573260820831, 0.06911064603143191, 0.002906517331920294, 0.019830956537655695, -0.07266140133263806, -0.03248483415816941, -0.07332334879792235, 0.039452656162218575, -0.04449042946949895], [0.06588952518478405, -0.09596959215945529, 0.07516968207740296, 0.0006323363397877368, 0.04310317827697552, -0.017354702175767983, -0.027198807354266455, -0.019375667426818594, -0.08287479638926301, 0.07978840438957713, 0.007084728997921591, 0.06292793200554034, -0.006225692702840971, -0.010973586299129506, -0.01887977989161556, -0.07240738901938326]], [[-0.06140828432151742, -0.043477763127650684, -0.049976099720245616, 0.04163320000846507], [-0.010406742143750772, -0.01722268270387735, 0.03398396951025001, -0.069347904428405]]]",
    "nn_structure": [
        [
            4,
            16
        ],
        [
            2,
            4
        ]
    ]
}