{
    "best_fitness": 1.4175314653963724,
    "avg_fitness": [
        0.046820127399907194,
        0.02260534192237193,
        0.03491482830855944,
        0.02799669656223181,
        0.008707291614973274,
        0.09046283009945086,
        0.06105796766925488,
        0.12173104561047335,
        0.07006738265906574,
        0.10284016576085384,
        0.20067957740264336,
        0.22619685323589875,
        0.13217314244717,
        0.12339884450208646,
        0.12002040853064586
    ],
    "cross_over_prob": 0.9,
    "mutation_prob": 0.05,
    "population_size": 80,
    "time_step": 10,
    "run_time": 15,
    "weights": "[[[0.6797005269106278, -0.2229963189329307, -0.9434520747846282, -0.012904103418175383, 0.03149893744891591, 0.06284980594310502, -0.009905875763136104, 0.0170090986347899, 0.0781087319857039, -0.027003879933818017, -0.08595182551636876, 0.7706173174104203, -0.27124499505508304, -0.8733912823891103, 0.06703845227668934, 0.06482095883393843], [-0.0857648582833273, 0.07435207722544365, -0.05235606985595425, -0.06940409040653427, 0.03339124702565954, -0.0560961153126083, -0.051732067743306125, 0.0764409958823222, 0.03509637071000099, -0.002617476660635651, 0.05580446936811417, 0.032014448970017095, -0.08534731366995935, 0.08197259768084855, 0.03614009857991779, 0.01675484754830321], [0.0036255862882102335, 0.034127380943221625, -0.08222298118420626, -0.08297632966717057, -0.02197548257298862, -0.00999085447023837, 0.01136231173900068, -0.086286606290479, 0.012243853389883791, 0.09803108400898927, -0.0754088450363883, 0.027237784785297675, -0.0926372047219451, 0.011228204456567276, -0.08109333945413975, -0.09716239560837359], [0.07267044186565241, 0.09324477770053946, -0.012298958954433073, 0.08414724838986262, 0.03231618754338689, 0.09255895276840861, 0.09026140250104606, 0.06786467275968863, 0.0532515857591945, 0.05566816031522476, -0.09943885964526972, 0.06716050793087891, 0.08934567007688765, 0.01363621492903011, 0.06151669459867451, -0.07684486848947586]], [[0.024956536902882576, 0.03813438001430619, -0.06859420744558054, -0.047559527639258393], [0.019116115308329795, 0.8590472910262315, 0.8311871672317499, 0.03318833828740819]]]",
    "nn_structure": [
        [
            4,
            16
        ],
        [
            2,
            4
        ]
    ]
}