{
    "best_fitness": 1.0680649640300701,
    "avg_fitness": [
        0.046820127399907194,
        0.02260534192237193,
        0.03491482830855944,
        0.02799669656223181
    ],
    "cross_over_prob": 0.9,
    "mutation_prob": 0.05,
    "population_size": 80,
    "time_step": 10,
    "run_time": 15,
    "weights": "[[[0.04145004577005515, -0.030818897573787002, -0.06046621655253333, -0.026454625464459022, 0.03182327977768645, -0.008379887429489835, 0.026722055030888314, 0.0630644155627044, -0.0020803699541864784, 0.024030610199293784, -0.006220818770615269, 0.05591371799815645, 0.07000541348563147, -0.08042877890708372, 0.08904905678403172, 0.020077862621352402], [0.002751261568589597, 0.034341635038081936, -0.04452179797079852, -0.05274402105064402, 0.0733028424014622, 0.05482649705621004, 0.08158935626250077, -0.041847282713063, -0.05597546306592354, -0.05094403316345526, 0.07616274564452502, -0.04182779087102495, 0.054335054586329534, -0.04163830455337021, -0.02513035983308891, 0.01214153518834446], [0.0007508586678396656, -0.04090842408371527, 0.04847279978554131, -0.02153578231121603, 0.09905092154601933, -0.05899200869273174, -0.0817768160605092, 0.02196496673640487, 0.017341585593903946, -0.015974596782697012, 0.09337435528797666, 0.032097057118979117, -0.01303815481496147, 0.022525133732334376, -0.0377260017308976, 0.06283509586429495], [0.06810121674240696, -0.0489822755552086, 0.04407388609624446, 0.048074650779408395, -0.00612808736732029, 0.06578750549968312, -0.05050553869357091, 0.0994768074051535, -0.06177043190608429, -0.011250308988856622, 0.08297718361745648, 0.08151333168125968, -0.054155122749650314, 0.02840465914514076, -0.00057611325217366, -0.08026730164072093]], [[0.024956536902882576, 0.03813438001430619, -0.06859420744558054, -0.047559527639258393], [-0.012795417121614985, -0.0807912203859083, 0.038842202567041045, 0.07725172657215926]]]",
    "nn_structure": [
        [
            4,
            16
        ],
        [
            2,
            4
        ]
    ]
}