{
    "best_fitness": 2.61459589462112,
    "avg_fitness": [
        0.046820127399907194,
        0.02260534192237193,
        0.03491482830855944,
        0.02799669656223181,
        0.008707291614973274,
        0.09046283009945086,
        0.06105796766925488,
        0.12173104561047335,
        0.07006738265906574,
        0.10284016576085384,
        0.20067957740264336,
        0.22619685323589875,
        0.13217314244717
    ],
    "cross_over_prob": 0.9,
    "mutation_prob": 0.05,
    "population_size": 80,
    "time_step": 10,
    "run_time": 15,
    "weights": "[[[-0.04091330981083146, 0.05933515760325889, -0.0689867654467472, -0.012904103418175383, 0.03149893744891591, 0.06284980594310502, -0.009905875763136104, 0.0170090986347899, 0.0781087319857039, -0.027003879933818017, -0.08595182551636876, -0.09631938812457096, -0.0670037510994779, -0.07058399735844374, 0.06703845227668934, 0.06482095883393843], [-0.06571457010062973, 0.009882842739611458, -0.04620090881977375, -0.058815255266270454, -0.06620137575096743, -0.060733143338731255, -0.016614336317890624, -0.026965700944731566, -0.020935434853039434, 0.09565528063848797, 0.045373572262434464, -0.022629896248562223, 0.0983221838089551, -0.005538549016244204, -0.0017795233325326593, 0.0038801518505980626], [0.0036255862882102335, 0.034127380943221625, -0.08222298118420626, -0.08297632966717057, -0.02197548257298862, -0.00999085447023837, 0.01136231173900068, -0.086286606290479, 0.012243853389883791, 0.09803108400898927, -0.0754088450363883, 0.027237784785297675, -0.0926372047219451, 0.011228204456567276, -0.08109333945413975, -0.09716239560837359], [0.05098647023793057, 0.0650254334071661, 0.09801319424620461, 0.08670196396435295, -0.01518513426917914, 0.03434802194786843, 0.06744414082602243, 0.08133054681350216, 0.05623536857699549, -0.02316413799020589, 0.057070356979390946, 0.0025832123055659906, 0.030961415557946348, -0.09397367995070427, 0.033690677848840556, -0.05013245944566256]], [[0.037653683419426404, -0.032116357084639294, -0.06731535327958224, 0.004333168405365059], [0.019116115308329795, 0.8590472910262315, 0.8311871672317499, 0.03318833828740819]]]",
    "nn_structure": [
        [
            4,
            16
        ],
        [
            2,
            4
        ]
    ]
}