{
    "best_fitness": 2.9633955391027205,
    "avg_fitness": [
        0.046820127399907194,
        0.02260534192237193,
        0.03491482830855944,
        0.02799669656223181,
        0.008707291614973274,
        0.09046283009945086,
        0.06105796766925488,
        0.12173104561047335,
        0.07006738265906574,
        0.10284016576085384,
        0.20067957740264336
    ],
    "cross_over_prob": 0.9,
    "mutation_prob": 0.05,
    "population_size": 80,
    "time_step": 10,
    "run_time": 15,
    "weights": "[[[-0.06884610241802298, 0.042670972179503525, 0.08716568581060108, -0.010819975476662316, 0.6213079967017767, 0.6793463547725482, 0.09558673285219774, 0.8992004097701884, 0.007982495014540486, -0.09245025480669422, 0.13805248520697222, 0.06306263701143741, -0.029941194665085047, -0.056512090839877516, -0.9574723615426102, -0.013289184153450956], [-0.06571457010062973, -0.721225715448262, -0.5929043473737445, 0.1461392328681168, -0.06620137575096743, -0.060733143338731255, -0.016614336317890624, -0.026965700944731566, 0.7861448293532254, 0.09565528063848797, 0.045373572262434464, 0.17599700611150237, 0.0983221838089551, -0.005538549016244204, -0.0017795233325326593, 0.0038801518505980626], [0.0036255862882102335, 0.034127380943221625, -0.08222298118420626, -0.08297632966717057, -0.02197548257298862, -0.00999085447023837, 0.01136231173900068, -0.086286606290479, 0.012243853389883791, 0.09803108400898927, -0.0754088450363883, 0.027237784785297675, -0.0926372047219451, 0.011228204456567276, -0.08109333945413975, -0.09716239560837359], [0.07267044186565241, 0.09324477770053946, -0.012298958954433073, 0.08414724838986262, 0.03231618754338689, 0.09255895276840861, 0.09026140250104606, 0.06786467275968863, 0.0532515857591945, 0.05566816031522476, -0.09943885964526972, 0.06716050793087891, 0.08934567007688765, 0.01363621492903011, 0.06151669459867451, -0.07684486848947586]], [[0.007187022739784221, -0.09619663364432059, -0.013988031398756401, -0.07001035677309309], [0.019116115308329795, 0.8590472910262315, 0.8311871672317499, 0.03318833828740819]]]",
    "nn_structure": [
        [
            4,
            16
        ],
        [
            2,
            4
        ]
    ]
}