{
    "best_fitness": 1.992433020943106,
    "avg_fitness": [
        0.046820127399907194,
        0.02260534192237193,
        0.03491482830855944,
        0.02799669656223181,
        0.008707291614973274,
        0.09046283009945086,
        0.06105796766925488,
        0.12173104561047335,
        0.07006738265906574,
        0.10284016576085384
    ],
    "cross_over_prob": 0.9,
    "mutation_prob": 0.05,
    "population_size": 80,
    "time_step": 10,
    "run_time": 15,
    "weights": "[[[-0.04091330981083146, 0.05933515760325889, -0.0689867654467472, -0.012904103418175383, 0.03149893744891591, 0.06284980594310502, -0.009905875763136104, 0.0170090986347899, 0.0781087319857039, -0.027003879933818017, -0.08595182551636876, -0.09631938812457096, -0.0670037510994779, -0.07058399735844374, 0.06703845227668934, 0.06482095883393843], [0.002751261568589597, 0.034341635038081936, -0.04452179797079852, -0.05274402105064402, 0.0733028424014622, 0.05482649705621004, 0.08158935626250077, -0.041847282713063, -0.05597546306592354, -0.05094403316345526, 0.07616274564452502, -0.04182779087102495, 0.054335054586329534, -0.04163830455337021, -0.02513035983308891, 0.01214153518834446], [0.0036255862882102335, 0.034127380943221625, -0.08222298118420626, -0.08297632966717057, -0.02197548257298862, -0.00999085447023837, 0.01136231173900068, -0.086286606290479, 0.012243853389883791, 0.09803108400898927, -0.0754088450363883, 0.027237784785297675, -0.0926372047219451, 0.011228204456567276, -0.08109333945413975, -0.09716239560837359], [-0.01930437983817948, 0.07255528917268378, 0.0779644507971275, -0.02833906516431091, 0.051479436450224875, 0.03974206017998627, 0.038368413627112574, -0.0846456799419533, -0.029120678372370312, 0.024326219574095642, -0.07796336316829174, 0.07093993083500019, 0.09006250826813067, -0.07019177949724803, -0.09922162329188736, 0.036077375599650574]], [[0.09738786911156913, -0.045366867223256384, -0.0794048780516385, 0.0006355639870551377], [0.019116115308329795, 0.8590472910262315, 0.8311871672317499, 0.03318833828740819]]]",
    "nn_structure": [
        [
            4,
            16
        ],
        [
            2,
            4
        ]
    ]
}