{
    "best_fitness": 1.2308707266465444,
    "avg_fitness": [
        0.046820127399907194
    ],
    "cross_over_prob": 0.9,
    "mutation_prob": 0.05,
    "population_size": 80,
    "time_step": 10,
    "run_time": 15,
    "weights": "[[[0.08990119606344538, 0.06985123727367085, 0.026151777986038738, -0.07323419893076173, -0.015264068175196793, -0.029994624687759333, -0.01721393872456653, 0.07250917887638014, -0.07125262911676811, 0.06544175048180031, -0.0007254111879330949, 0.09985144725383632, -0.05988215417302321, 0.047557363403973124, -0.004410896044771517, 0.02804026027535811], [-0.06571457010062973, 0.009882842739611458, -0.04620090881977375, -0.058815255266270454, -0.06620137575096743, -0.060733143338731255, -0.016614336317890624, -0.026965700944731566, -0.020935434853039434, 0.09565528063848797, 0.045373572262434464, -0.022629896248562223, 0.0983221838089551, -0.005538549016244204, -0.0017795233325326593, 0.0038801518505980626], [0.044282590797749266, 0.0528635556173806, 0.08479476727328333, 0.09021054091373723, 0.0793006255204193, -0.03419608272677535, -0.0704116329555936, 0.0964251006639451, 0.07500313856543245, -0.08563293697561564, 0.03881425570463687, -0.002263876983757407, 0.025509297169372502, 0.0467997511568799, 0.09604047222170814, 0.08390938861344063], [0.05402138136200571, 0.07452532674853368, -0.026313232101813244, 0.05846644404216869, 0.06824142967611799, -0.030163127642500426, -0.08084699540015383, 0.0014838476429132469, -0.012365567281335782, -0.013098739754509592, -0.08771144171527288, -0.0017892667296360437, 0.01131976281322071, -0.008092327802169619, -0.03316255076207868, -0.08999689255186921]], [[0.007187022739784221, -0.09619663364432059, -0.013988031398756401, -0.07001035677309309], [0.019116115308329795, 0.005729557745776409, 0.0962020549540551, 0.03318833828740819]]]",
    "nn_structure": [
        [
            4,
            16
        ],
        [
            2,
            4
        ]
    ]
}