{
    "best_fitness": 2.588462420003429,
    "avg_fitness": [
        0.046820127399907194,
        0.02260534192237193,
        0.03491482830855944,
        0.02799669656223181,
        0.008707291614973274,
        0.09046283009945086,
        0.06105796766925488,
        0.12173104561047335,
        0.07006738265906574,
        0.10284016576085384,
        0.20067957740264336,
        0.22619685323589875,
        0.13217314244717,
        0.12339884450208646,
        0.12002040853064586,
        0.07592955014785936,
        0.23487736594871325,
        0.11588540813041852,
        0.12988816190290334,
        0.16907734075901765,
        0.18366589012905973,
        0.05948554221756354,
        0.14124863097679657,
        0.08143305396402124,
        0.17834544931734458,
        0.1406318705197239,
        0.15023037347450602,
        0.14724707797577452,
        0.17542224252229882,
        0.05402424505824155,
        0.20554114328101689,
        0.09912069002735363,
        0.11048422415776801,
        0.15876062209533062,
        0.22207674235357025
    ],
    "cross_over_prob": 0.9,
    "mutation_prob": 0.05,
    "population_size": 80,
    "time_step": 10,
    "run_time": 15,
    "weights": "[[[-0.04091330981083146, 0.05933515760325889, -0.0689867654467472, -0.012904103418175383, 0.03149893744891591, 0.06284980594310502, -0.009905875763136104, 0.0170090986347899, 0.0781087319857039, -0.027003879933818017, -0.08595182551636876, -0.09631938812457096, -0.0670037510994779, -0.07058399735844374, 0.06703845227668934, 0.06482095883393843], [-0.06571457010062973, 0.009882842739611458, -0.04620090881977375, -0.058815255266270454, -0.06620137575096743, -0.060733143338731255, -0.016614336317890624, -0.026965700944731566, -0.020935434853039434, 0.09565528063848797, 0.045373572262434464, -0.022629896248562223, 0.0983221838089551, -0.005538549016244204, -0.0017795233325326593, 0.0038801518505980626], [0.0036255862882102335, 0.034127380943221625, -0.08222298118420626, -0.08297632966717057, -0.02197548257298862, -0.00999085447023837, 0.01136231173900068, -0.086286606290479, 0.012243853389883791, 0.09803108400898927, -0.0754088450363883, 0.027237784785297675, -0.0926372047219451, 0.011228204456567276, -0.08109333945413975, -0.09716239560837359], [-0.08916917469045016, 0.0013178788403975794, -0.10340846791862268, 0.2335453632184581, -0.8768386946358455, 0.03974206017998627, 0.038368413627112574, 0.49730410241090484, -0.5325371429354024, 0.024326219574095642, 0.6808383716264506, 0.07093993083500019, 0.3467542925166578, 0.5956357243646311, -0.7973142768752686, 0.036077375599650574]], [[0.024956536902882576, 0.03813438001430619, -0.06859420744558054, -0.047559527639258393], [-0.5962038837971464, 0.8590472910262315, 0.8311871672317499, 0.03318833828740819]]]",
    "nn_structure": [
        [
            4,
            16
        ],
        [
            2,
            4
        ]
    ]
}