{
    "best_fitness": 0.4513655396498619,
    "avg_fitness": [
        0.046820127399907194,
        0.02260534192237193,
        0.03491482830855944,
        0.02799669656223181,
        0.008707291614973274
    ],
    "cross_over_prob": 0.9,
    "mutation_prob": 0.05,
    "population_size": 80,
    "time_step": 10,
    "run_time": 15,
    "weights": "[[[-0.06884610241802298, 0.042670972179503525, 0.08716568581060108, -0.010819975476662316, 0.032335469499730485, 0.014127900780478791, 0.09558673285219774, -0.023941813363895517, 0.007982495014540486, -0.09245025480669422, -0.0749945825918303, 0.06306263701143741, -0.029941194665085047, -0.056512090839877516, -0.08361086606610627, -0.013289184153450956], [-0.06571457010062973, 0.009882842739611458, -0.04620090881977375, -0.058815255266270454, -0.06620137575096743, -0.060733143338731255, -0.016614336317890624, -0.026965700944731566, -0.020935434853039434, 0.09565528063848797, 0.045373572262434464, -0.022629896248562223, 0.0983221838089551, -0.005538549016244204, -0.0017795233325326593, 0.0038801518505980626], [0.02124311499023715, -0.04643684214532158, 0.05373555357033796, -0.06223432733978507, -0.023092475400901286, 0.037656302290741295, -0.009217379958830804, -0.016610131319980764, 0.040288574505534386, -0.028115915004121944, 0.03530883676725469, -0.09691356963558698, -0.06972594093046003, -0.009733130529476025, 0.020214783482072146, 0.03797108660197768], [0.05098647023793057, 0.0650254334071661, 0.09801319424620461, 0.08670196396435295, -0.01518513426917914, 0.03434802194786843, 0.06744414082602243, 0.08133054681350216, 0.05623536857699549, -0.02316413799020589, 0.057070356979390946, 0.0025832123055659906, 0.030961415557946348, -0.09397367995070427, 0.033690677848840556, -0.05013245944566256]], [[-0.015143250651260404, -0.004299274637227096, 0.0713345875612321, -0.07009045297258719], [0.019116115308329795, 0.005729557745776409, 0.0962020549540551, 0.03318833828740819]]]",
    "nn_structure": [
        [
            4,
            16
        ],
        [
            2,
            4
        ]
    ]
}