{
    "best_fitness": 5328203.216016314,
    "avg_fitness": [
        -6352.710425202049,
        5.35918919953521,
        4.1316613677633,
        12.499452624848956,
        5.570264021860693,
        7.237107577683263,
        5.628666145359459,
        3.3314298011808754,
        9.870144684150047,
        5.101240211587696,
        6.8562658184566985,
        10.773965257223164,
        -0.9222430159990683,
        4.71897004742488,
        7.733200320255991,
        5.534782810400115,
        8.687257319197489,
        9.322945854603292,
        -99.65593366921898,
        6.630614877478446,
        5.146229801191449,
        3.6053128333843873,
        8.141998338404399,
        -17952.54053787986,
        158.40215950366363,
        58792.44015169171,
        35958.78427962394,
        177454.45126622173
    ],
    "cross_over_prob": 0.9,
    "mutation_prob": 0.05,
    "population_size": 80,
    "time_step": 50,
    "run_time": 10,
    "weights": "[[[-0.014702302690264915, 0.05510454182099528, -0.056181349379645654, 0.053466643712558354, -0.03964717334017967, 0.06229196146535712, 0.027409570029053587, 0.02522993063687623, 0.0676276664470051, -0.09291961660745099, -0.08166881039470907, -0.09886177961921475, 0.07406980933277568, -0.03861058764592378, -0.031085588122576585, 0.07670343245349995], [-0.03419232489186151, 0.03076693124049698, -0.04500249885155943, -0.026517713321605935, 0.06319681993135076, 0.06166735217078351, 0.013260763483419577, -0.004590367270512721, 0.04582654090816754, 0.07039851493840152, 0.014316060769063554, -0.014658623987560751, -0.06319173221499927, -0.07241282398628797, 0.03701258190283899, 0.057490776415102224], [-0.05373450709741887, 0.053330896096290464, 0.006694156253480646, 0.08665822978185794, 0.03930911934049236, -0.9942175110591982, 0.01688242829000755, 0.06116736563335082, 0.005109207880871547, -0.03945599260423647, 0.02966496844096128, 0.0590878489725738, 0.03332637433032551, -0.05407455999369668, -0.05830665530735804, -0.08113915387750242], [0.4091565742628094, -0.05732549986619517, 0.10119167293963738, 0.06964228209389739, -0.019599875728396318, -0.725859435501715, 0.005301738771351455, 0.9568022840903885, 0.007990061662327075, 0.013063849941244293, 0.06282677294303143, -0.7653007036196644, -0.022658199009496366, -0.04395320490972446, -0.31852302630616336, -0.03739519369927195]], [[0.08130928220273353, 0.015482276955036317, 0.016436085895602595, 0.04446614546624994], [-0.003460498993003866, -0.05616747733140795, 0.6287236630398958, 0.06877361588999847]]]",
    "nn_structure": [
        [
            4,
            16
        ],
        [
            2,
            4
        ]
    ]
}