{
    "best_fitness": 67.06668514311976,
    "avg_fitness": [
        5.059336729449638,
        4.490742589279341,
        6295.159078694991,
        -623.941023633702,
        760.0086410609401,
        34.34054169828262,
        28885.663112762813,
        2.611291692807188,
        21.25717459420004,
        2.569988414909241,
        6.62636328986729,
        4.098958006177978,
        1.0825567517533574,
        6.76416787883362,
        1.9434928115129703e-07,
        3.1436659482513076
    ],
    "cross_over_prob": 0.9,
    "mutation_prob": 0.05,
    "population_size": 40,
    "time_step": 10,
    "run_time": 10,
    "weights": "[[[-0.08592188346052408, 0.06889503587375495, -0.05265405837296902, 0.022086713656288448, 0.07062903444551158, 0.02534928245161988, -0.055265296491595756, 0.07304561786860028, -0.03336279228740409, 0.0341117315119879, 0.05060924455223503, 0.07041839069075512, 0.022098945006640447, 0.024667838487486132, 0.07669462213925538, -0.029269986838723158], [-0.027484783084982617, 0.06640191252407451, 0.0942903810067974, -0.043120014462510264, 0.05447817097770477, 0.015474247094141177, 0.052625640997193496, -0.02249823214193311, 0.027727272819943166, -0.06932808394802847, -0.06564222319622881, -0.009076398452919562, 0.08244374877227578, 0.03369324858963241, 0.006306779640851537, 0.03983094719883001], [0.06942024585435291, 0.07200745080062701, 0.09915830396920916, -0.02853758207345243, -0.05920630278311989, -0.04774198587029373, 0.027049411128882844, 0.002428231638928094, 0.03718203344103849, -0.07390895674166396, 0.05590086444897055, -0.05918573834595547, -0.0032441819479226697, 0.02615582852772466, 0.013618263873257597, -0.039353468979326726], [-0.09376718172017309, 0.09688212863724463, -0.026919170957858937, -0.062315997282827086, 0.009927093781765331, 0.09220252450421293, 0.0721478714677126, 0.04806557623122393, 0.07274585113780427, -0.004027674570746181, -0.03458844026247414, 0.04762561773970381, -0.07045137500461646, -0.03542775622299579, 0.08331823345539072, -0.041097983763525185]], [[0.05594769597867291, -0.09008325928090322, -0.004648545159608747, -0.013485113927708042], [-0.08939825143046137, 0.034772983518663675, 0.08165512993752255, 0.07639990571795094]]]",
    "nn_structure": [
        [
            4,
            16
        ],
        [
            2,
            4
        ]
    ]
}