{
    "best_fitness": 69.11132118161272,
    "avg_fitness": [
        5.059336729449638,
        4.490742589279341
    ],
    "cross_over_prob": 0.9,
    "mutation_prob": 0.05,
    "population_size": 40,
    "time_step": 10,
    "run_time": 10,
    "weights": "[[[-0.08592188346052408, 0.06889503587375495, -0.05265405837296902, 0.022086713656288448, 0.07062903444551158, 0.02534928245161988, -0.055265296491595756, 0.07304561786860028, -0.03336279228740409, 0.0341117315119879, 0.05060924455223503, 0.07041839069075512, 0.022098945006640447, 0.024667838487486132, 0.07669462213925538, -0.029269986838723158], [0.054190410139444645, 0.09535127455800749, -0.057033117360355635, 0.062390618280853766, -0.016464500685454284, 0.01042219972852014, 0.06997684377319158, -0.01416578796102061, 0.024882582848855167, -0.03695287199655513, 0.007145803404520909, -0.04332306294775497, -0.041397007412713085, 0.06312730554702661, -0.09330619480114144, -0.032537567750773655], [-0.07884308640997062, -0.07029161047806916, 0.03674398821796049, 0.004062487008988189, 0.07150941144272266, 0.01452381361326005, 0.0715251530203502, -0.08978693799238974, 0.008562489561692449, 0.07723774676213813, 0.0585515307994873, 0.09220087946435732, -0.020015677018876007, 0.022114864624938724, -0.05893895281909083, -0.062369050152514996], [-0.09376718172017309, 0.09688212863724463, -0.026919170957858937, -0.062315997282827086, 0.009927093781765331, 0.09220252450421293, 0.0721478714677126, 0.04806557623122393, 0.07274585113780427, -0.004027674570746181, -0.03458844026247414, 0.04762561773970381, -0.07045137500461646, -0.03542775622299579, 0.08331823345539072, -0.041097983763525185]], [[0.05594769597867291, -0.09008325928090322, -0.004648545159608747, -0.013485113927708042], [-0.08939825143046137, 0.034772983518663675, 0.08165512993752255, 0.07639990571795094]]]",
    "nn_structure": [
        [
            4,
            16
        ],
        [
            2,
            4
        ]
    ]
}